forecast_origin_date,rows,chronos_mae,random_walk_mae,chronos_rmse,random_walk_rmse,chronos_mase,random_walk_mase,chronos_direction_accuracy,random_walk_direction_accuracy,pinball_q0.1,pinball_q0.5,pinball_q0.9,mean_pinball_loss,interval_80_coverage,interval_mean_width,mae_improvement_vs_random_walk_percent,rmse_improvement_vs_random_walk_percent
1996-12-31,20,6.431517944335946,5.609999999999962,7.19044258814024,7.137016183251906,18.11145866029842,15.798025281691755,0.25,0.0,1.3415844116210947,3.215758972167973,0.9366599121093799,1.831334431966149,0.65,13.644869995117187,-14.643813624527438,-0.7485818094921333
1997-01-31,20,7.613957519531243,6.875000000000023,8.820248673858512,8.411272198662958,21.335631246855765,19.264943946149636,0.5,0.0,1.4444100341796866,3.8069787597656215,1.8374646606445277,2.3629511515299453,0.6,18.734902954101564,-10.748473011363162,-4.862242780117891
1997-02-28,20,14.595620117187497,14.040000000000015,16.10886625547983,16.541251464142622,40.1809197108604,38.65132883776285,0.55,0.0,2.535198913574219,7.297810058593749,4.477289489746087,4.770099487304685,0.3,21.480975341796874,-3.9574082420760797,2.6139812311063575
1997-04-01,20,5.723727416992171,1.4250000000000171,7.315805446107949,1.7459954180925317,15.585785158591687,3.880293772386647,0.7,0.0,0.5563051147460948,2.8618637084960854,1.6216010742187474,1.6799232991536426,1.0,21.779061889648425,-301.6650818941826,-319.0048479107885
1997-04-30,20,3.078330688476575,0.9200000000000216,3.555285515592084,1.1945710527214475,8.336760504561552,2.491551571411094,0.3,0.0,0.9252591552734379,1.5391653442382875,1.3162609252929676,1.2602284749348975,1.0,22.415200805664057,-234.6011617909242,-197.6202635659474
1997-05-30,20,2.8987286376953136,2.2699999999999534,3.289961540614391,2.649905658698019,7.819601167669411,6.123544791250985,0.7,0.05,0.8581910400390627,1.4493643188476568,1.0291981811523438,1.112251180013021,1.0,18.873892211914068,-27.69729681477415,-24.15391203892334
1997-07-01,20,4.9059246826171945,2.945000000000016,5.398112563496078,3.6999324318155122,13.2332699252266,7.9438602202514685,0.25,0.0,1.2447596435546882,2.4529623413085972,0.42804156494140555,1.375254516601564,0.75,15.068252563476562,-66.58487886645732,-45.897598482556305
1997-08-01,20,9.46097045898436,6.115000000000026,10.192029462943204,7.346665910465809,25.454596075702018,16.452313816824677,0.15,0.0,1.6215599975585924,4.73048522949218,2.5151108398437416,2.955718688964838,0.15,13.873196411132813,-54.717423695573494,-38.729997895017746
1997-09-01,20,7.082912597656258,8.060000000000002,7.5422066022679655,8.872429205127533,18.940480193974533,21.55331839248591,0.6,0.0,1.634124694824219,3.541456298828129,0.5681488647461015,1.9145766194661498,0.75,18.5231689453125,12.122672485654391,14.99276660433434
1997-10-01,20,6.108107299804686,6.950000000000012,12.043281955418495,14.132869489243872,16.29527958936424,18.541290712051346,0.65,0.05,1.4736572875976572,3.054053649902343,2.851797119140623,2.4598360188802078,0.85,18.632473754882803,12.113564031587394,14.78530269748619
1997-10-31,20,53.56062438964843,58.389999999999965,80.37960781104682,83.46945549121544,140.38405080346774,153.04199343872287,0.95,0.0,7.3704990234375005,26.780312194824216,31.79874353027342,21.983184916178377,0.6,51.23248901367191,8.270895033998178,3.7017705003404524
1997-12-01,20,281.7581640625,329.43500000000006,347.5884541808466,397.5459237622743,664.5756774026543,777.0297943756444,0.95,0.0,40.06287207031251,140.87908203125,127.89012353515622,102.94402587890625,0.35,285.07147216796875,14.472304380985646,12.566465053557284
1997-12-31,20,109.56677246093747,274.63499999999993,123.9281238510402,286.1114564291335,159.4215141036277,399.59858762344317,1.0,0.0,58.085409790039066,54.783386230468736,65.52533544921873,59.46471048990884,1.0,1236.1074523925781,60.10458519091249,56.685368213580865
1998-01-30,20,60.94404296874999,69.35999999999996,66.76376246267492,80.10901946722349,75.87459548537534,86.3523600750305,0.85,0.0,23.987814941406256,30.472021484374995,27.975419921874995,27.47841878255208,1.0,519.6323486328125,12.133732744016685,16.65886949222836
1998-02-27,20,102.81195190429685,134.3599999999999,123.63949614691329,157.90069980845547,119.29847969836491,155.90545102375785,1.0,0.0,9.11606054687499,51.405975952148424,27.14133325195312,29.22112325032551,0.8,323.12164306640625,23.480238237349713,21.697942886322483
1998-04-01,20,108.18101440429686,22.24499999999997,110.13237400496384,30.54700476315147,116.93707156476208,24.045486828553983,0.5,0.0,17.43466027832031,54.09050720214843,23.68454748535156,31.736571655273433,0.25,151.24888916015624,-386.3160908262396,-260.53411736726264
1998-04-30,20,129.39835083007816,58.49499999999997,135.6024633615943,65.11034863982835,134.93791582206947,60.99918071117493,0.05,0.0,18.14040759277344,64.69917541503908,52.3361414794922,45.058574829101566,0.0,123.2528076171875,-121.2126691684387,-108.26560784017296
1998-06-01,20,17.842122802734366,17.024999999999977,21.071253222409794,18.919368382691825,18.117595390534195,17.287856660003083,0.85,0.0,7.636088500976562,8.921061401367183,5.770470947265625,7.442540283203123,1.0,134.0655944824219,-4.79954656525339,-11.373978222690546
1998-07-01,20,52.49693237304687,74.51000000000003,64.4285887368521,86.3906765802885,52.27312567846941,74.19234645227525,1.0,0.0,20.00120520019531,26.248466186523434,9.197853027343747,18.48250813802083,0.3,77.83759155273438,29.543776173605096,25.42182642015263
1998-07-31,20,114.98577148437501,67.97999999999999,122.67984048235246,75.39863393987984,111.76736238474487,66.07726501141416,0.05,0.0,15.390755493164061,57.492885742187504,65.06508740234376,45.982909545898444,0.05,82.12684936523438,-69.14647173341427,-62.708306598993495
1998-09-01,20,37.01038696289061,25.954999999999995,43.22224627754745,29.59085162681196,35.02437965263792,24.56223369930465,0.2,0.0,9.317869262695309,18.505193481445303,3.993808593750002,10.605623779296872,1.0,133.1167785644531,-42.594440234600704,-46.06624649621177
1998-10-01,20,39.94898193359377,49.955000000000084,43.4683271513028,55.14303673175799,37.200074293971035,46.51757370048586,0.9,0.0,3.7042340087890686,19.974490966796886,8.021506958007812,10.566743977864588,0.6,85.93602294921875,20.030063189683307,21.17168417337358
1998-10-30,20,17.99932495117189,18.45999999999999,23.18393299933548,31.574974267606255,16.471184372874184,16.892748164061615,0.65,0.0,3.7221590576171932,8.999662475585945,4.046628173828124,5.589483235677086,0.85,72.09669799804688,2.495531142080721,26.574974209494147
1998-12-01,20,7.388874511718745,34.96499999999999,8.73466159641751,36.499472598929415,6.701013942140183,31.709965044788675,1.0,0.0,2.6746267089843765,3.6944372558593725,3.728298095703123,3.3657873535156235,1.0,64.029248046875,78.86779776428214,76.06907449760325
1998-12-31,20,10.445270996093734,31.674999999999965,13.904352683993642,33.003477089543125,9.410727498589859,28.53777500165478,1.0,0.0,3.27250122070312,5.222635498046867,3.950325317382813,4.1484873453776,0.85,57.83018188476562,67.02361169346882,57.87003700770935
1999-02-01,20,36.06303833007814,21.475000000000044,45.49321878875165,30.704340084098913,32.15088591702232,19.14537174457091,0.3,0.0,6.2680305175781275,18.03151916503907,12.888885375976576,12.396145019531259,0.55,54.39640502929687,-67.9303298257419,-48.1654341508273
1999-02-26,20,7.081243896484341,7.709999999999956,9.106239019439963,10.063548082063248,6.273285256458136,6.830301290893956,0.95,0.0,3.9493135986328127,3.5406219482421704,4.684009155273437,4.057981567382807,1.0,86.3332275390625,8.155072678542403,9.51263962587453
1999-04-01,20,13.716977539062475,18.860000000000092,17.05595388355492,25.89281753691557,12.102675453679248,16.640433973619572,1.0,0.0,2.1869614257812495,6.858488769531237,3.672135864257812,4.239195353190099,1.0,58.590972900390625,27.269472221302184,34.12862907160208
1999-04-30,20,45.89641357421874,20.3849999999999,46.71693645379221,21.71707853280445,40.28299763462416,17.89178811224331,0.0,0.0,7.179814697265625,22.94820678710937,17.734989990234364,15.954337158203122,0.0,52.0926025390625,-125.14796945900892,-115.1161187874536
1999-06-01,20,6.064893798828143,16.760000000000083,7.672654850515596,19.662807530970824,5.298317193937227,14.641607770204686,0.95,0.0,2.521908325195313,3.0324468994140714,2.1714705810546864,2.5752752685546905,1.0,46.9337890625,63.813282823221286,60.97884374634486
1999-07-01,20,44.45796264648438,26.7900000000001,48.1610257932627,30.688955668122787,38.66617195295221,23.299914907403142,0.0,0.0,6.654781860351564,22.22898132324219,19.966065917968756,16.283276367187504,0.05,44.546234130859375,-65.94984190550286,-56.93276211183847
1999-07-30,20,5.9225305175781155,3.1049999999999955,6.816691271520426,3.9792587249385982,5.1143626707118806,2.6813025353652664,0.55,0.0,3.042453369140626,2.9612652587890578,1.9853072509765615,2.663008626302082,1.0,50.27760620117188,-90.74172359349835,-71.30555570059373
1999-09-01,20,30.933955078124985,14.189999999999952,33.33320062005544,17.101344976346116,26.618772526984838,12.21054279040508,0.05,0.0,5.154854858398436,15.466977539062492,10.034989501953115,10.218940633138013,0.05,40.782354736328124,-117.99827398255879,-94.91566696163704
1999-10-01,20,6.283000488281255,10.520000000000095,6.820632925832945,11.273375714487738,5.387992358022126,9.021434856182676,1.0,0.0,1.70539013671875,3.1415002441406275,2.8999571533203126,2.58228251139323,1.0,46.053472900390624,40.275660757783285,39.4978656032234
1999-11-01,20,11.850157470703163,22.320000000000014,14.752758537411303,24.58292090049515,10.154367665341356,19.125947216376577,1.0,0.0,1.2589899902343782,5.9250787353515815,3.0962474365234387,3.4267720540364657,0.85,40.07661743164063,46.90789663663461,39.9877720099805
1999-12-01,20,8.383256835937493,22.45000000000001,9.517793685040795,24.07907805544058,7.146778866406764,19.138765361814123,1.0,0.0,1.1328503417968694,4.191628417968746,2.499522094726563,2.608000284830726,0.95,36.13413696289062,62.658098726336355,60.4727653478814
1999-12-30,20,7.423184814453134,14.4650000000001,8.626849002110488,15.948557928540227,6.300398906069926,12.27711184003655,0.9,0.0,1.5014836425781255,3.711592407226567,2.486265991210939,2.5664473470052105,0.95,39.561859130859375,48.68175033215981,45.90828185993802
2000-02-01,20,14.104880371093747,5.5749999999999655,16.080381159604787,6.854013422805605,11.871852879208907,4.6923885960230205,0.25,0.0,3.12080419921875,7.052440185546874,1.14302331542969,3.772089233398438,0.65,34.128546142578124,-153.00233849495666,-134.61263011391193
2000-02-29,20,7.464923095703147,13.844999999999981,8.032260214192597,14.678266246392969,6.259795889527072,11.609881706669979,0.95,0.0,1.1032016601562487,3.7324615478515737,2.513055664062501,2.4495729573567746,1.0,36.1625732421875,46.08217337881432,45.277868112206775
2000-03-31,20,12.238944091796885,1.930000000000041,12.678107716782714,2.539094326723629,10.25066364566529,1.6164614110292774,0.1,0.0,2.6442777099609387,6.119472045898442,0.39589379882811493,3.0532145182291655,0.8,28.348345947265624,-534.1421809221049,-399.3161373859695
2000-04-28,20,23.697175292968744,9.894999999999982,27.275870913485278,14.214552402379692,19.829526927773625,8.280023527046223,0.3,0.0,3.757532470703125,11.848587646484372,9.325233642578132,8.31045125325521,0.35,27.92786865234375,-139.48635970660723,-91.8869489616779
2000-06-01,20,10.327943115234381,12.155000000000006,10.968831785248975,12.70088579588054,8.616214819507679,10.140459718124536,0.85,0.0,0.8969374999999958,5.163971557617191,2.807726806640624,2.9562119547526033,0.95,35.87060546875,15.031319496220682,13.637269387882746
2000-06-30,20,6.38632568359377,1.585000000000025,7.057849963808504,1.9221082175569848,5.321308616404998,1.3206771115149027,0.5,0.0,2.211572021484377,3.193162841796885,0.9005574951171852,2.101764119466149,1.0,31.121295166015624,-302.9227560626921,-267.19316318095184
2000-08-01,20,6.185296630859375,2.399999999999909,6.478616387355049,2.6668333281252483,5.152225924869,1.9991510444289087,1.0,0.0,2.2029626464843752,3.0926483154296873,0.9808898925781246,2.0921669514973957,1.0,31.838525390625,-157.72069295248374,-142.93293169203935
2000-09-01,20,15.93426513671876,9.24499999999997,18.58722742271726,11.526469537546994,13.286103762993031,7.708546847624737,0.3,0.0,2.989465942382814,7.96713256835938,4.490357666015632,5.148985392252609,0.55,28.094281005859376,-72.35549093259937,-61.25689971391622
2000-09-29,20,17.710065917968734,12.229999999999938,20.080782109954374,14.889392197131436,14.699405140649347,10.150934824457156,0.0,0.0,3.3661695556640607,8.855032958984367,3.660513793945305,5.293905436197911,0.5,32.007470703125,-44.80838853613101,-34.86636555804542
2000-11-01,20,14.598607177734356,15.70499999999995,22.887399225509885,23.233628644703806,12.058805563406771,12.97271301759174,0.8,0.0,2.8373488769531265,7.299303588867178,5.729483398437496,5.288711954752601,0.7,35.152294921875,7.044844458870407,1.4902081138016543
2000-12-01,20,17.46106445312497,18.204999999999963,20.373559218724072,24.003760122114215,14.296099725750427,14.905190700484912,0.4,0.0,2.9162265625000026,8.730532226562485,7.462858520507808,6.3698724365234325,0.9,102.08558959960938,4.086435302801402,15.123467677239898
2000-12-29,20,9.266987304687508,20.025000000000013,12.128797899525823,22.34322044827023,7.501075373776418,16.2090471715541,0.95,0.0,3.6540687255859376,4.633493652343754,5.340405151367191,4.542655843098961,0.95,89.5812255859375,53.72290983926341,45.715981598951586
2001-02-01,20,8.191926269531246,10.404999999999973,9.650431601984925,12.419722219115815,6.536817119153814,8.302758092168132,0.8,0.05,2.795841552734376,4.095963134765623,3.4402082519531247,3.444004313151041,1.0,62.360498046875,21.26932946149671,22.29752460057872
2001-02-28,20,50.80724853515626,40.414999999999964,54.59277973707992,44.54406245505676,40.288005601520474,32.04739074305081,0.0,0.0,7.604980834960938,25.40362426757813,23.360116821289072,18.789573974609382,0.05,50.40140380859375,-25.71384024534531,-22.559049911897755
2001-03-30,20,20.997666015625008,14.670000000000005,25.99689241132555,18.483641416127934,16.491254588021746,11.521599811438755,0.2,0.0,4.477912353515624,10.498833007812504,8.592662597656247,7.856469319661458,0.65,54.08714599609375,-43.13337433963872,-40.648110542990274
2001-04-30,20,20.106661376953127,25.450000000000056,22.839616830345438,26.795689951930758,15.625120630583302,19.777491279788258,0.8,0.0,1.6015100097656263,10.053330688476564,5.324176025390625,5.659672241210938,0.95,67.7760009765625,20.995436632797315,14.763841232236178
2001-06-01,20,14.42757568359375,9.254999999999995,16.26073058002478,11.25386600240114,11.118115284501531,7.132047629808783,0.2,0.0,4.239898071289064,7.213787841796875,1.3693493652343747,4.274345092773437,1.0,56.092474365234374,-55.88952656503249,-44.49017410155204
2001-06-29,20,6.716682128906245,4.970000000000004,8.346065558489725,5.693329430131368,5.164184975363055,3.8212317979284656,0.5,0.0,3.4214583740234366,3.3583410644531226,2.1317319335937506,2.9705104573567698,1.0,55.53190307617187,-35.14450963594044,-46.59375785140801
2001-08-01,20,5.0126599121093705,17.329999999999995,5.909799128055494,17.883036654886098,3.844027877273125,13.289751206183514,1.0,0.0,1.9139500732421877,2.5063299560546852,2.492422607421874,2.304234212239582,1.0,44.063726806640624,71.07524574662798,66.95304470876435
2001-08-31,20,21.858378906250003,10.64500000000005,24.024149015168575,13.11176952207449,16.691552622092285,8.128762815588688,0.2,0.0,4.3078721923828125,10.929189453125002,2.7311878662109508,5.989416503906256,0.45,42.6897705078125,-105.3393978980733,-83.22583366587102
2001-09-28,20,7.0320336914062525,6.115000000000043,8.868313652135459,6.849708022974457,5.35598397635494,4.657520633815542,0.7,0.0,2.7551934814453136,3.5160168457031262,1.8067211914062575,2.6926438395182326,0.9,44.600006103515625,-14.996462655865956,-29.469951454725386
2001-11-01,20,7.075997314453128,13.25000000000001,8.803697156223166,16.142118820031037,5.37784306758316,10.070159368196993,1.0,0.0,1.9158624267578113,3.537998657226564,2.067074584960938,2.5069785563151044,1.0,39.8293701171875,46.59624668337266,45.461328501073204
2001-11-30,20,25.10750488281251,16.744999999999983,32.31391500232216,24.058647094132265,19.05059572945015,12.705453089765893,0.3,0.05,4.383372558593751,12.553752441406255,9.476238037109376,8.804454345703126,0.5,37.544775390625,-49.94030984062427,-34.31310113112428
2001-12-31,20,14.829918212890629,9.569999999999936,15.976438216807464,11.089183919477499,11.194254542423906,7.2238440180928425,0.35,0.0,1.5086109619140555,7.414959106445314,4.5663200683593725,4.496630045572914,0.9,58.605096435546876,-54.96257275747886,-44.072262961982176
2002-02-01,20,16.48313110351562,10.754999999999995,17.062461752585797,11.407870090424415,12.378414422801644,8.076732890199295,0.0,0.0,3.5452149658203127,8.24156555175781,0.965093872070313,4.250624796549478,0.7,37.96368408203125,-53.260168326505145,-49.56746191305033
2002-02-28,20,3.987906494140634,5.965000000000055,4.78725045298611,8.002468369197157,2.9907133028134,4.473426063899325,0.85,0.0,2.0490855712890608,1.993953247070317,1.864323852539064,1.9691208902994806,1.0,39.13409423828125,33.14490370258848,40.17782723874249
2002-04-01,20,11.068887939453123,10.389999999999997,12.392911665537934,14.597568290643512,8.289729080652387,7.781295250174312,0.5,0.0,2.102765380859377,5.534443969726562,1.943068359374998,3.1934259033203123,1.0,40.45833740234375,-6.534051390309207,15.102903313825765
2002-04-30,20,14.063300781249996,24.03000000000004,18.790220696180402,30.10612894412037,10.508444937917313,17.955808226389138,0.95,0.0,2.9103703613281278,7.031650390624998,2.901891601562501,4.281304117838542,0.7,41.283154296875,41.476068326050886,37.58672617440553
2002-05-31,20,8.976866455078119,11.769999999999971,11.066244995309038,15.551495104973007,6.668557281661532,8.743465172165472,0.95,0.0,2.814903076171874,4.488433227539059,1.1631975097656242,2.822177937825519,0.95,39.7602783203125,23.730956201545112,28.84127911424857
2002-06-28,20,10.114842529296869,20.139999999999976,11.5827608989658,24.124240920700462,7.488055978870672,14.909717771447962,0.95,0.0,1.8398251953124973,5.0574212646484344,2.1159755859374956,3.004407348632809,0.8,36.70572509765625,49.777345931991654,51.987045159100134
2002-08-01,20,10.36336791992186,8.429999999999984,12.380895151947449,10.021377150871016,7.620757336997087,6.19904502544861,0.25,0.0,3.0559016113281237,5.18168395996093,1.8081718749999964,3.348585815429683,0.85,44.46524658203125,-22.9343762742809,-23.544847834325378
2002-08-30,20,13.341184082031237,10.154999999999996,17.838176793419233,12.147448291719499,9.757370541077597,7.427084225462302,0.55,0.0,3.4157301025390616,6.6705920410156185,1.5812950439453057,3.8892057291666617,0.7,42.0682861328125,-31.375520256339172,-46.84711031516726
2002-10-01,20,14.986733398437503,13.119999999999948,19.038787765380313,17.109997077731997,10.916516111718177,9.55676514541016,0.2,0.0,3.638912841796875,7.493366699218751,3.4864118652343707,4.8728971354166655,0.65,42.97344970703125,-14.228150902725323,-11.272887300247195
2002-11-01,20,6.160025634765612,13.895000000000072,7.932713945588809,15.272868100000142,4.463036080023782,10.067147445286631,1.0,0.0,1.4729389648437476,3.080012817382806,2.3178709716796853,2.2902742513020797,0.95,37.298529052734374,55.66732180809226,48.06008999980341
2002-11-29,20,7.762563476562491,7.259999999999968,10.814889236340187,8.471422548781254,5.605714567393427,5.242789689534139,0.45,0.0,2.582745239257811,3.8812817382812455,2.1284980468749928,2.8641750081380164,0.8,37.06791381835937,-6.922361936122939,-27.663201476074143
2002-12-31,20,9.748338623046845,20.69000000000009,11.05104533233172,22.023805302444966,7.0171582035366695,14.893307346539086,1.0,0.0,0.9084456787109378,4.874169311523422,2.653309082031249,2.811974690755203,1.0,35.617547607421876,52.88381525835282,49.822271035492264
2003-01-30,20,29.969527587890628,20.685000000000002,32.38257432261078,23.51266679898307,21.51558451516971,14.85007944790263,0.0,0.0,4.565362182617188,14.984763793945314,12.756085571289066,10.768737182617189,0.1,31.74173583984375,-44.88531587087564,-37.72395364362215
2003-02-28,20,56.41062744140621,44.580000000000005,61.22313893413189,49.785329164323095,40.3368999625325,31.877308973340376,0.0,0.0,7.300811889648434,28.205313720703106,35.80333483886716,23.76982014973957,0.0,33.2266357421875,-26.537970931821906,-22.974257601183638
2003-04-01,20,22.330023193359388,25.44999999999999,26.318338964338157,31.499730157574362,15.871255095203551,18.088805312707912,0.95,0.05,4.467869262695321,11.165011596679694,4.119842529296873,6.584241129557296,0.5,47.497833251953125,12.25924089053282,16.44900184006909
2003-04-30,20,11.70472656249999,13.12499999999991,12.742818041032951,14.226506950056189,8.268692910905074,9.272031591351276,0.7,0.0,1.277770507812502,5.852363281249995,3.5563377685546853,3.562157185872394,1.0,48.34108276367188,10.821130952380408,10.429045683750063
2003-05-30,20,8.582408447265617,12.669999999999925,10.013592007064977,14.163297638615015,6.041849713259689,8.919435183883488,0.95,0.0,1.3075920410156243,4.291204223632809,2.8783906250000006,2.8257289632161444,1.0,41.85982666015625,32.261969634840824,29.299007458801274
2003-07-01,20,5.5958605957031295,13.895000000000095,6.455127122417792,14.329323082407017,3.9342680272647734,9.769123677030315,1.0,0.0,1.2732734374999999,2.7979302978515648,2.423790771484375,2.1649981689453135,1.0,36.97064208984375,59.7275236005535,54.95162552135386
2003-08-01,20,10.85474609375002,4.064999999999952,11.682225459860941,5.165317028024473,7.626975275025041,2.8562302816855203,0.75,0.0,3.0936978759765648,5.42737304687501,2.0392946777343726,3.5201218668619823,0.85,48.962188720703125,-167.0294242004956,-126.16666888942001
2003-09-01,20,8.017609863281256,14.435000000000025,10.427524665285718,17.920170200084623,5.628922620753071,10.134379124967454,1.0,0.0,1.3675076904296852,4.008804931640628,2.7421407470703145,2.706151123046876,1.0,41.096484375,44.45715370085735,41.81124091535427
2003-10-01,20,25.202396240234396,16.99500000000004,30.005707176547563,21.894691137351128,17.676353633458568,11.919883614917525,0.2,0.0,4.38285192871094,12.601198120117198,8.137884765625007,8.373978271484381,0.45,38.041680908203126,-48.29300523821322,-37.04558328004679
2003-10-31,20,13.02119140625,9.350000000000023,16.79284092339871,12.95654274874284,9.106034653795847,6.5386815504551,0.25,0.0,3.276997558593751,6.510595703125,1.6881031494140644,3.825232137044272,0.8,40.13151245117187,-39.264079211229614,-29.608964745075234
2003-12-01,20,6.0345361328125025,11.419999999999902,7.2103881477440215,12.641518896081983,4.209910452861392,7.967004640217384,1.0,0.0,1.7260053710937506,3.0172680664062512,2.8228978271484366,2.522057088216146,1.0,45.48903198242188,47.1581774709934,42.96264391157336
2003-12-31,20,11.71479736328124,14.634999999999945,13.817212874658727,16.242336654557995,8.161812931939703,10.196346428776845,1.0,0.0,0.8639597167968758,5.85739868164062,3.214101806640623,3.311820068359373,1.0,40.780615234375,19.953554060257705,14.930879906486355
2004-01-30,20,6.333304443359362,8.304999999999927,7.567911965923158,9.740200203281164,4.404492545525526,5.775706965886276,0.8,0.0,1.5877541503906265,3.166652221679681,1.8397617187499986,2.198056030273435,1.0,34.27515869140625,23.741066305124416,22.30229555883493
2004-02-27,20,7.463198242187536,7.900000000000023,8.231715973396245,10.601745139362704,5.174511857701363,5.477362700184546,0.8,0.0,1.8919846191406235,3.731599121093768,1.856434570312501,2.4933394368489643,1.0,37.48419189453125,5.529136174841585,22.355085269564658
2004-04-01,20,12.043735351562521,8.005000000000006,15.68086077620821,9.589082333570834,8.328415111403341,5.535571898641426,0.45,0.0,2.9268922119140632,6.021867675781261,1.7080968017578186,3.5522855631510475,0.8,34.79610595703125,-50.45265898266723,-63.52827341267478
2004-04-30,20,14.533652343749997,9.764999999999953,16.28601334587207,11.560557945012823,10.013942098813585,6.728256757632283,0.15,0.0,3.377350219726563,7.266826171874999,2.0123037109374997,4.218826700846354,0.65,39.308160400390626,-48.83412538402528,-40.8756690060776
2004-06-01,20,6.228339843750007,4.7900000000000205,6.900288795499404,5.899830506039995,4.276250780391023,3.288716054668651,0.85,0.0,2.318198974609376,3.1141699218750034,1.076635009765624,2.169667968750001,1.0,33.94833984375,-30.027971685803344,-16.95740730916222
2004-07-01,20,13.957083740234385,6.249999999999977,15.730287636142675,7.853279569708435,9.567927192185618,4.2845300683246945,0.25,0.0,2.9793417968750013,6.978541870117192,1.418648925781247,3.79217753092448,0.7,31.4873779296875,-123.31333984375098,-100.30214761253796
2004-07-30,20,4.7841955566406345,9.009999999999945,5.426281189729477,9.95781100443261,3.271894988943745,6.161908204079157,0.95,0.0,1.433329833984376,2.3920977783203172,1.9339260253906239,1.9197845458984393,1.0,33.67255859375,46.901270181568655,45.507288827694886
2004-09-01,20,3.881158447265636,5.775000000000034,4.595145321512328,6.380007836985803,2.6511178809045384,3.9447515401001425,1.0,0.0,1.8595800781250014,1.940579223632818,1.0835504150390611,1.6279032389322936,1.0,29.431304931640625,32.793793120941764,27.975867131798427
2004-10-01,20,4.535805664062513,9.090000000000032,6.156400292972801,11.324089367361976,3.0971082474075873,6.206772523785766,1.0,0.0,1.4441811523437516,2.2679028320312566,1.521828979492186,1.744637654622398,1.0,29.660101318359374,50.10114781009354,45.63447802949495
2004-11-01,20,22.608435058593727,30.499999999999932,30.639421272413482,38.02077063921766,15.41858211596546,20.80050004868389,1.0,0.0,10.408226928710935,11.304217529296864,3.6645288085937473,8.458991088867181,0.5,29.298004150390625,25.873983414446634,19.41399199097365
2004-12-01,20,16.35766723632812,7.095000000000004,18.51694200579863,8.120621897367243,11.108761043305122,4.8183312732520305,0.4,0.0,3.5807020874023414,8.17883361816406,1.9704658203124819,4.576667175292961,0.55,37.410885620117185,-130.55203997643565,-128.02369374939053
2004-12-31,20,5.054742431640648,7.7349999999999905,7.230381381551375,8.47115694577782,3.4211869006567723,5.235257984844717,0.75,0.0,1.8019555664062494,2.527371215820324,1.854476318359379,2.0612677001953172,0.8,27.683166503906243,34.651035143624384,14.647061460062664
2005-02-01,20,8.21016174316406,8.660000000000025,9.34908059575588,12.671464003815872,5.541720523689689,5.845353750200029,0.6,0.0,1.2819998168945352,4.10508087158203,1.701365966796876,2.3628155517578135,0.9,28.157510375976557,5.194437145911827,26.21941242984626
2005-02-28,20,6.611604614257823,4.525000000000011,8.562716277744132,5.162218515328467,4.45450473911914,3.0486750373799874,0.75,0.0,2.240886230468749,3.3058023071289115,0.9668179321289072,2.1711688232421893,1.0,32.07704162597656,-46.11280915486866,-65.87279775775424
2005-04-01,20,8.180288696289086,8.305000000000025,9.424389885807047,9.948241050557655,5.50422272893514,5.588136490163675,0.55,0.0,0.9112105102539096,4.090144348144543,2.35477734375,2.452044067382818,1.0,32.659878540039095,1.5016412246952229,5.265766702760419
2005-04-29,20,6.525479125976585,2.1900000000000035,7.829296267901565,2.534758371127317,4.383877262794858,1.4712622659847894,0.7,0.0,2.009858703613283,3.2627395629882927,0.6372998046874999,1.9699660237630254,1.0,26.471585083007824,-197.96708337792577,-208.87742031282994
2005-06-01,20,11.09710754394531,5.77000000000001,12.255618010756024,7.194442299441995,7.450286754282773,3.8738161635341113,0.1,0.0,2.389886840820313,5.548553771972655,1.1988979492187501,3.045779520670573,0.7,25.56049194335936,-92.32422086560294,-70.34840923954003
2005-07-01,20,7.859023437500014,10.505000000000042,9.4440730028879,12.596447912010792,5.265835859316765,7.03873784599879,0.8,0.0,2.144266662597659,3.929511718750007,2.1579742431640665,2.7439175415039103,0.9,42.56770935058596,25.187782603522297,25.025903581255502
2005-08-01,20,5.932066040039075,6.3750000000000115,6.684391686397859,7.704771249037866,3.962121875202258,4.257964558035847,0.7,0.0,1.4962440185546895,2.9660330200195375,1.4959947509765614,1.9860905965169293,0.95,29.6646240234375,6.947983685661736,13.243476407783382
2005-09-01,20,10.080482177734348,8.71999999999989,10.91013540062171,9.81045360826898,6.724236141746999,5.816719688820657,0.2,0.0,1.290747863769517,5.040241088867174,2.5449055175781217,2.9586314900716046,0.7,30.510476684570325,-15.601859836404524,-11.209285893017585
2005-09-30,20,8.693208007812496,8.320000000000004,11.261310044900354,10.350797070757393,5.793108624957275,5.54440474866458,0.5,0.0,2.2037960815429667,4.346604003906248,1.3382537841796807,2.6295512898762983,0.75,26.75534973144529,-4.485673170823219,-8.796549366379727
2005-11-01,20,4.241517333984359,3.7949999999999933,5.403336170522786,4.617845818127741,2.821966674249606,2.5248897235360745,0.6,0.05,1.8999152221679663,2.1207586669921796,1.1213137207031227,1.7139958699544229,0.95,29.73650817871093,-11.765937654397016,-17.00988693281046
2005-12-01,20,17.56450683593751,11.865000000000014,22.39408001359376,14.991314151868076,11.674217789042581,7.886050850205788,0.1,0.0,1.167296325683592,8.782253417968755,36.05383557128905,15.334461771647133,0.9,370.0708892822266,-48.0362986593973,-49.38036643574187
2005-12-30,20,21.651381225585965,25.170000000000005,24.087068984221922,27.63693181234126,14.380257283887227,16.717227971013468,0.95,0.05,4.685659606933614,10.825690612792982,4.301718627929687,6.604356282552094,0.4,39.78675842285154,13.979415075145171,12.844634318394734
2006-02-01,20,6.511141357421906,3.2499999999999942,7.427010869768933,3.976179070414196,4.307224142957315,2.149926978417493,0.3,0.0,2.1422981567382813,3.255570678710953,0.8509989624023442,2.082955932617193,1.0,29.932971191406256,-100.34281099759745,-86.78763552254368
2006-02-28,20,8.222637939453119,6.070000000000005,9.347272760210044,7.454193450669234,5.42834744929319,4.007238219636504,0.05,0.05,2.106076660156251,4.111318969726559,1.0567453002929852,2.424713643391932,0.8,25.059786987304683,-35.4635574868717,-25.396165555253347
2006-03-31,20,17.895480957031275,21.464999999999982,19.609194193348834,23.227322273563935,11.797728410307212,14.150960286303164,1.0,0.0,5.487213684082036,8.947740478515637,3.038093017578123,5.824349060058599,0.25,25.342984008789045,16.62948540865926,15.57703482821632
2006-04-28,20,6.731493530273417,5.940000000000009,8.148113958676566,7.608153521058852,4.428779570768684,3.908040694395127,0.3,0.0,1.6435949707031234,3.3657467651367083,1.6687457275390625,2.2260291544596313,0.8,26.097991943359396,-13.324806906959699,-7.097128575588552
2006-06-01,20,9.83495666503905,8.419999999999993,11.022294235474552,9.589160547201182,6.453817120727308,5.525305500297101,0.05,0.0,2.1093088378906244,4.917478332519525,1.2069613037109286,2.7445828247070256,0.7,23.352050781250007,-16.80471098621209,-14.945350859639781
2006-06-30,20,6.968827514648439,10.149999999999954,8.51267411956695,11.061916651286026,4.567334789002995,6.652259366577087,1.0,0.0,1.9621774291992236,3.4844137573242193,1.7199636840820314,2.388851623535158,0.7,21.424053955078136,31.34160084090177,23.045215509038464
2006-08-01,20,7.011101684570337,6.585000000000013,7.672534652439673,7.2835087698169305,4.585280158548476,4.306608462189514,0.3,0.0,2.1146251831054688,3.5055508422851687,0.7927167358398434,2.1376309204101607,0.9,27.74591064453122,-6.470792476390632,-5.3411878109473365
2006-09-01,20,9.755081787109372,8.215000000000003,11.286537232270476,10.1597490126479,6.37143463790188,5.365545537458149,0.0,0.0,0.6583852539062474,4.877540893554686,2.6989136352539083,2.7449465942382805,1.0,33.572988891601554,-18.74719156554313,-11.09070921161373
2006-09-29,20,9.545087890624979,8.75999999999998,11.124574345291366,10.191025463612549,6.232619919661605,5.719984050629905,0.3,0.0,2.266426513671875,4.772543945312489,1.4884242553710971,2.8424649047851536,0.6,25.62926940917967,-8.962190532248863,-9.160499941954708
2006-11-01,20,6.229102172851566,8.164999999999946,7.050979571288082,8.85118636116081,4.063238196925253,5.326022748910372,1.0,0.0,0.8725844726562512,3.114551086425783,1.9422238769531255,1.9764531453450533,1.0,28.148083496093772,23.709710069178108,20.338593228271336
2006-12-01,20,3.8560498046875296,4.900000000000017,4.904929738690495,6.130497532827186,2.513466573621491,3.1939385730375345,0.95,0.05,1.0000671386718745,1.9280249023437648,1.334092102050781,1.420728047688807,0.9,21.675027465820307,21.30510602678539,19.991326765472156
2006-12-29,20,6.291647949218747,7.039999999999987,6.710772176882222,7.685050422736324,4.098404007870865,4.58588345188538,0.85,0.05,1.56028485107422,3.1458239746093737,0.6213298339843731,1.775812886555989,0.95,21.652175903320305,10.630000721324443,12.677577794046561
2007-02-01,20,4.195286865234391,4.795000000000004,5.009266777321184,5.353270028683399,2.7319698606111893,3.1225029187363513,0.65,0.0,0.798380126953129,2.0976434326171955,1.4312756347656235,1.4424330647786494,0.9,21.05961303710937,12.507051819929359,6.42603958924188
2007-02-28,20,6.286655883789069,5.275000000000046,7.018640683024824,6.299801584177122,4.09375351884828,3.434982001736268,0.4,0.0,1.5242237548828155,3.1433279418945346,1.131907531738293,1.933153076171881,0.6,17.223233032226563,-19.178310593156677,-11.410503795122242
2007-03-30,20,7.341934204101591,8.749999999999961,7.832749161764318,9.599791664406014,4.779187279229735,5.695759118884274,0.75,0.0,0.30741790771484095,3.6709671020507955,1.6627404785156248,1.8803751627604204,0.95,19.255349731445307,16.09218052455287,18.40709219965173
2007-04-30,20,3.2407238769531093,2.909999999999991,3.6241986522581855,3.4486229135699844,2.110273116756411,1.894914532346623,0.55,0.0,0.7823333129882816,1.6203619384765546,0.7978208007812484,1.066838684082028,1.0,15.8015411376953,-11.365081682237784,-5.0911840200715535
2007-06-01,20,2.672489013671884,1.3099999999999965,3.016022529302653,1.6876018487783215,1.7401352302023798,0.852979054321002,0.5,0.0,1.0278807983398432,1.336244506835942,0.4622577514648456,0.9421276855468771,1.0,14.901385498046892,-104.00679493678561,-78.71647459298492
2007-06-29,20,4.5040399169921725,8.164999999999946,5.040088303593557,8.681215352702592,2.9346933040208807,5.320061826479583,1.0,0.0,0.3007558593749906,2.2520199584960863,1.0735663452148418,1.2087807210286396,0.95,12.93837585449216,44.83723310481075,41.942595606449245
2007-08-01,20,15.088420410156255,13.87000000000005,18.34556093111291,16.771195544742824,9.831307114131288,9.037409216223537,0.2,0.0,2.26183856201172,7.5442102050781275,8.052107360839866,5.952718709309905,0.35,14.810076904296864,-8.784573973728909,-9.387317571785122
2007-08-31,20,8.069270019531222,10.109999999999985,10.799802391368639,13.24998113206202,5.247833898957586,6.575018631182618,0.9,0.0,1.4536940917968724,4.034635009765611,1.8829331054687501,2.457087402343744,0.7,21.794458007812505,20.18526192352884,18.491941356538927
2007-10-01,20,3.681334228515624,1.6200000000000045,4.122712639567043,2.5011997121381446,2.3933193793813308,1.0531989637249288,0.5,0.1,1.231140380859376,1.840667114257812,0.575351013183595,1.2157195027669276,1.0,18.06491394042971,-127.24285361207491,-64.82940644682674
2007-11-01,20,20.889796142578113,14.790000000000026,23.750938181021606,18.065741058700056,13.575718556602563,9.611624550174877,0.05,0.0,3.279808166503905,10.444898071289057,9.316753417968737,7.680486551920566,0.15,22.662313842773436,-41.24270549410464,-31.46949302466442
2007-11-30,20,8.119227294921847,7.295000000000004,9.768997993500289,7.900727814575062,5.2658755647331095,4.7313076539628796,0.55,0.0,1.5337651977539049,4.059613647460924,1.3281412353515707,2.3071733601888,0.8,22.007553100585948,-11.298523576721625,-23.64681106313635
2007-12-31,20,6.698757324218747,5.234999999999985,9.210221144050145,7.0585055075419225,4.340615834787114,3.392140182919762,0.3,0.05,1.8162810058593795,3.3493786621093733,0.8199146728515556,1.9951914469401029,0.85,22.970324707031285,-27.960980405325035,-30.484011583034707
2008-02-01,20,3.629856567382808,2.080000000000001,4.121389400980347,3.038256078739917,2.3483675112713533,1.3456742250744926,0.65,0.05,1.3854455566406245,1.814928283691404,0.7989193725585954,1.333097737630208,1.0,21.8436492919922,-74.51233497032723,-35.649836424902276
2008-02-29,20,47.03320068359375,41.96500000000003,54.050121693689896,49.54832489600434,30.42577658798134,27.147157666435852,0.0,0.0,5.990683044433595,23.516600341796874,31.88851556396482,20.46526631673176,0.0,24.475146484375028,-12.077208825434795,-9.085669005227238
2008-04-01,20,9.503368530273468,8.870000000000005,11.876981183795719,10.637762922720183,6.104019111115682,5.697206137289314,0.45,0.0,2.246173645019524,4.751684265136734,3.555221008300781,3.517692972819013,0.7,51.388519287109354,-7.140569676138252,-11.649237439093584
2008-04-30,20,33.706934814453135,36.52999999999998,36.39914284975049,39.16442263074995,21.591944213989372,23.400339617912184,1.0,0.0,5.300314453125002,16.853467407226567,13.278356506347677,11.81071278889975,0.2,39.4901397705078,7.728073324792902,7.060693341686844
2008-05-30,20,7.857424926757841,5.825000000000012,9.67033722237831,7.223953211365659,5.012149815800076,3.715692220947807,0.65,0.0,3.0864945068359417,3.9287124633789205,1.8345754394531224,2.949927469889328,1.0,49.210699462890645,-34.891415051636486,-33.864892800851514
2008-07-01,20,26.887475585937494,25.905000000000058,30.849075189322537,29.657671857379572,17.09948659116837,16.474666754356548,0.2,0.0,7.774334777832029,13.443737792968747,4.763034912109374,8.660369160970049,0.3,42.212118530273436,-3.7926098665795567,-4.017184280924984
2008-08-01,20,30.37995666503901,33.814999999999976,38.74120507155218,41.99479134368925,19.241422350009696,21.41703834338705,1.0,0.0,4.913037475585937,15.189978332519505,11.625814758300766,10.576276855468736,0.3,38.72007751464845,10.158341963510182,7.747594804101823
2008-09-01,20,43.89458496093751,45.57000000000001,50.357713332948684,52.10078694223343,27.710924879248125,28.768624828577636,0.85,0.0,7.094320556640627,21.947292480468754,17.88153454589844,15.64104919433594,0.25,55.06294555664063,3.6765745864878205,3.345580194820031
2008-10-01,20,103.7409912109375,123.29500000000004,123.34578322158916,145.6739012314835,64.38896822780625,76.52556376201632,0.85,0.0,16.10542248535156,51.87049560546875,32.340574829101556,33.43883097330728,0.45,150.65108642578124,15.859531034561453,15.327466224999215
2008-10-31,20,81.08960571289063,104.43999999999997,108.41514808621348,128.77408900862,47.74958267237577,61.499453233993925,0.9,0.0,23.259977783203126,40.544802856445315,11.726482788085935,25.177087809244792,1.0,349.86460571289064,22.35771187965276,15.809811647002771
2008-12-01,20,62.412777099609364,90.95499999999996,70.6712356974591,113.49612107909235,36.117470903832945,52.63448798016528,0.85,0.0,10.990827270507815,31.206388549804682,18.84630163574218,20.347839152018224,1.0,298.3712890625,31.3805979884455,37.732466074139886
2008-12-31,20,141.98876831054685,90.41999999999999,147.9225289261118,96.96263713410438,80.76041018169093,51.42911214397848,0.0,0.05,22.3907353515625,70.99438415527342,38.89579174804686,44.093637084960925,0.0,180.68980712890624,-57.0324798833741,-52.556214742310715
2009-01-30,20,77.57500244140626,60.96,94.99368597115165,80.11707683134726,43.54781236530238,34.220748414335596,0.0,0.0,13.976794677734379,38.78750122070313,20.210284790039058,24.324860229492188,0.45,127.58192749023438,-27.255581432753043,-18.568587033100094
2009-02-27,20,75.64999999999999,72.405,87.8173251791258,86.20514195800624,42.09255858676499,40.28700204196589,0.35,0.0,19.251046142578126,37.824999999999996,15.469133300781246,24.181726481119792,0.4,142.91260986328126,-4.481734686831007,-1.8701706006179077
2009-04-01,20,80.78434448242189,59.425000000000054,82.2354517644558,60.97018533676937,44.044009406528325,32.39879305516253,0.0,0.0,8.198169555664066,40.39217224121094,18.254262695312494,22.281534830729168,0.55,187.7523986816406,-35.94336471589704,-34.87813971735126
2009-04-30,20,81.20411010742187,89.285,82.93257424956136,90.71522749792341,43.8404499304297,48.203158274382204,1.0,0.0,33.18323400878906,40.602055053710934,13.747661376953122,29.17765014648437,0.0,100.60635375976562,9.050669085040184,8.579213725215217
2009-06-01,20,11.118133544921886,12.310000000000002,13.676774026211634,15.145131230860969,5.94151626885057,6.578448169743082,0.7,0.0,4.774145751953129,5.559066772460943,5.341031249999997,5.2247479248046895,0.95,101.10670166015625,9.68209955384335,9.695242532182814
2009-07-01,20,14.41854003906251,16.025000000000045,17.806594410786012,19.43557305561125,7.675114963579293,8.530247650465693,0.75,0.0,2.7115848388671884,7.209270019531255,5.106850219726561,5.009235026041668,1.0,78.1843505859375,10.024711144695978,8.381428425929204
2009-07-31,20,14.539847412109372,10.560000000000002,17.172262289238212,12.071992379056578,7.711370584866884,5.600614027653027,0.5,0.0,3.7270427246093747,7.269923706054686,1.9193732910156254,4.305446573893229,1.0,56.46416015625,-37.68794897830842,-42.248783382517495
2009-09-01,20,22.24826416015626,27.90000000000009,26.745638771146297,33.20189753613497,11.756215928844382,14.742652372950591,0.9,0.05,4.0101407470703165,11.12413208007813,4.823185668945312,6.652486165364586,0.55,50.24373779296875,20.25711770553338,19.44545114616436
2009-10-01,20,11.594943847656248,10.670000000000016,17.27518379568059,12.412413141690077,6.11451596576487,5.626753023724126,0.75,0.0,3.285225585937501,5.797471923828124,1.5491219482421827,3.543939819335936,0.95,47.59004516601563,-8.66863962189532,-39.176674176737855
2009-10-30,20,38.49899902343751,36.52499999999992,40.36833966829195,38.21683529545579,20.24279825820772,19.204868311794836,0.05,0.0,11.585950927734388,19.249499511718756,6.900822143554686,12.578757527669277,0.0,56.134942626953126,-5.404514780116624,-5.6297292965333305
2009-12-01,20,10.908220214843743,8.410000000000025,13.679294588774033,10.788975855010538,5.717607893356838,4.408151049031599,0.3,0.05,2.7974281005859387,5.454110107421871,1.5236900634765616,3.2584094238281236,1.0,43.211181640625,-29.70535332751142,-26.789556048743904
2009-12-31,20,22.14155639648436,28.779999999999905,25.823113548832325,32.06579174135568,11.589545652726837,15.064303426223365,0.95,0.05,7.843887817382805,11.07077819824218,4.403266113281249,7.772644042968744,0.4,41.99568481445313,23.06616957441128,19.468342596612363
2010-02-01,20,8.004013671874986,6.060000000000014,10.033820432974377,7.719715020646798,4.176535437227553,3.1621391200934896,0.6,0.05,3.016099975585937,4.002006835937493,2.175365478515618,3.0644907633463494,0.85,47.621636962890626,-32.0794335292899,-29.97656527654684
2010-02-26,20,14.616292724609366,20.645000000000074,15.712585198207258,21.895193536482,7.600431759752868,10.735342855846653,0.95,0.0,0.904183593749997,7.308146362304683,3.77419104003906,3.995506998697913,0.8,45.12754516601562,29.201779004072105,28.237285630625813
2010-04-01,20,7.796888427734393,16.08000000000002,9.266855268636528,17.379154179648687,4.049754363372573,8.35205617812765,1.0,0.0,0.9012175292968732,3.8984442138671964,2.5468092041015638,2.448823649088544,1.0,34.48026733398437,51.511887887223985,46.678329837891724
2010-04-30,20,57.94479492187497,50.31999999999998,74.35952066542106,66.77458348803083,30.038868263208172,26.086136866005223,0.1,0.0,7.4424445800781225,28.972397460937486,36.80197619628905,24.405606079101556,0.15,34.955108642578125,-15.152613119783378,-11.359018328807414
2010-06-01,20,22.910388183593774,18.81000000000006,28.698857694067872,24.327268650631595,11.746055917251104,9.643804811727827,0.3,0.0,8.147661621093754,11.455194091796887,7.93095043945312,9.177935384114587,1.0,160.78612060546874,-21.79898024239076,-17.969913130066
2010-07-01,20,19.59199218750001,23.039999999999928,22.719622215977477,26.34560684440569,9.955548740930691,11.707632424301789,0.95,0.0,4.199631225585938,9.795996093750006,11.315789916992186,8.437139078776044,1.0,155.15421142578126,14.965311686197603,13.763147115353565
2010-07-30,20,11.00622436523438,11.460000000000013,12.913844078184193,13.575750439662647,5.571196750254434,5.800891626340773,0.75,0.0,3.5841613769531273,5.50311218261719,4.114805297851559,4.400692952473959,1.0,76.98966674804687,3.959647772824028,4.875652100561909
2010-09-01,20,24.432762451171868,34.19499999999995,27.277752266538307,36.98213758018858,12.318749432243823,17.24076995703664,1.0,0.0,1.9550593261718734,12.216381225585934,6.966607543945311,7.04601603190104,0.8,74.82747192382813,28.548728026986684,26.240736605903855
2010-10-01,20,6.7969653320312435,18.744999999999948,8.058543358464478,19.701104029977557,3.422005043441243,9.437371151065783,1.0,0.0,1.8129237060546886,3.3984826660156218,2.951700317382811,2.7210355631510406,1.0,47.646240234375,63.739848855528074,59.0959808841045
2010-11-01,20,13.581630859375025,12.160000000000025,15.697756194594541,13.674721203739427,6.814345513862463,6.101067118266586,0.5,0.0,2.672434082031258,6.7908154296875125,1.9842395019531232,3.8158296712239648,0.85,45.2139404296875,-11.69104325143912,-14.793976130949599
2010-12-01,20,7.098618164062498,8.130000000000006,9.233885771728714,10.306163204607232,3.549467512935146,4.065181449856711,0.85,0.0,2.211017700195315,3.549309082031249,3.6047434082031238,3.1216900634765623,0.9,56.219842529296876,12.686123443265775,10.404234937781416
2010-12-31,20,11.791401367187518,18.5400000000001,12.41276352889317,19.49479417690794,5.8807520763477825,9.246495823548926,0.95,0.05,0.9637056884765617,5.895700683593759,3.362679809570314,3.407362060546878,1.0,43.26385498046875,36.4002083754722,36.32780414990793
2011-02-01,20,7.5653344726562635,6.485000000000014,9.089624674355,8.354130714802118,3.767416388686656,3.2294269828964746,0.65,0.0,2.582627197265626,3.7826672363281317,2.0702530517578084,2.8118491617838557,0.85,39.78865356445313,-16.658974135023094,-8.803955607849318
2011-02-28,20,5.678061523437475,6.4699999999999935,6.922977714634328,7.829942528524727,2.823744608481669,3.2175818351851917,0.65,0.0,1.6452868652343764,2.8390307617187376,2.162352905273436,2.215556844075517,1.0,38.07639770507812,12.240161925232135,11.583288262797556
2011-04-01,20,4.67649047851562,13.924999999999887,5.7422348907305585,14.878894448177153,2.3220432876205406,6.914256091969878,1.0,0.0,1.584234008789065,2.33824523925781,2.20915100097656,2.0438767496744785,1.0,37.93385009765625,66.4165854325626,61.406844367835056
2011-04-29,20,18.072089843750017,11.99500000000005,20.252471595890114,13.89526897904468,8.95985803521444,5.94693242793754,0.1,0.0,3.4868941650390637,9.036044921875009,2.444657348632822,4.989198811848964,0.5,34.9466796875,-50.66352516673565,-45.75084243732647
2011-06-01,20,9.68864501953127,4.849999999999943,10.611067534705874,5.914051065048342,4.792385819506814,2.399001220268906,0.15,0.0,2.7159262695312525,4.844322509765635,1.0939083251953101,2.8847190348307326,1.0,38.09834594726563,-99.76587669136875,-79.42130390818899
2011-07-01,20,5.0622863769531135,11.129999999999892,6.500779207371631,12.267232776791907,2.5009204330760735,5.498551908651579,1.0,0.0,1.2351774902343764,2.5311431884765567,2.2861823730468727,2.017501017252602,1.0,35.2135986328125,54.5167441423795,47.006962974809575
2011-08-01,20,27.22057983398439,21.685000000000095,30.023618286393067,24.07348126050749,13.43921663517474,10.706216197860751,0.1,0.0,3.9661168212890643,13.610289916992196,11.220877807617203,9.599094848632822,0.1,28.0072021484375,-25.527230039125076,-24.716562434394433
2011-09-01,20,61.07599487304687,55.31499999999993,77.84714665148955,71.63307546099071,30.059811613621598,27.224419067813823,0.15,0.0,7.745039550781248,30.537997436523433,39.46540539550781,25.9161474609375,0.35,37.338812255859374,-10.41488723320428,-8.674863044073605
2011-09-30,20,19.04873535156249,28.09499999999999,23.16153025110088,34.414117742577666,9.327583071992933,13.757262178885052,0.8,0.0,3.763989135742188,9.524367675781246,7.753097656249997,7.0138181559244765,1.0,115.17086791992188,32.198841959200934,32.69759107482483
2011-11-01,20,38.178666992187495,27.569999999999947,41.84098984524066,31.206425620375,18.595854271343377,13.428643340686756,0.0,0.0,6.9528087158203125,19.089333496093747,3.3206892089843776,9.787610473632812,0.5,69.66769409179688,-38.47902427344058,-34.07812337828988
2011-12-01,20,20.955656738281267,13.855000000000052,24.885290753886085,15.258915426726821,10.165954846827068,6.721302327189278,0.3,0.0,5.070316894531254,10.477828369140633,1.8623289794921842,5.803491414388024,0.95,68.89512329101562,-51.249777973880825,-63.08689089591613
2011-12-30,20,9.44232055664063,10.8,11.105254339985583,14.942222056976656,4.566787096254243,5.22343001846712,0.6,0.05,2.616339721679687,4.721160278320315,2.8838623046874994,3.407120768229167,1.0,55.002020263671874,12.571105957031218,25.678695594003422
2012-02-01,20,5.907395019531248,3.464999999999975,6.901683589610579,4.298197296541851,2.8520006628009056,1.6728494139857297,0.7,0.0,2.581400146484376,2.953697509765624,1.7445404052734361,2.426546020507812,1.0,43.259405517578124,-70.4875907512638,-60.57158649193197
2012-02-29,20,6.9241345214843815,5.910000000000002,8.61404823544395,6.900652143094885,3.341931180251114,2.852459497140149,0.65,0.0,2.041049438476561,3.4620672607421907,1.5893955078125017,2.3641707356770847,0.95,34.247320556640624,-17.15963657333975,-24.829480704422522
2012-03-30,20,5.307396240234391,3.9400000000000204,6.048112967515063,5.53037069281977,2.5586595757621553,1.8994471624484794,0.55,0.05,1.9103350830078143,2.6536981201171956,1.9520092773437483,2.172014160156253,0.9,35.670745849609375,-34.70548833082142,-9.361800563703481
2012-04-30,20,24.810831298828145,20.569999999999993,30.872697817153295,25.845695966640154,11.950515183508157,9.907854128868841,0.2,0.0,3.7504379882812513,12.405415649414072,10.118516479492198,8.758123372395842,0.4,29.131597900390624,-20.616583854293403,-19.450054109595847
2012-06-01,20,18.21639648437499,17.59999999999991,20.653199441740707,19.909394767295076,8.757801634929491,8.461459921942774,0.25,0.0,0.9845726318359288,9.108198242187495,4.943243530273436,5.012004801432287,0.75,52.82049560546875,-3.502252752131157,-3.735948195007263
2012-06-29,20,7.226748046875014,9.90499999999995,8.563252092027652,10.96738346188366,3.4709702824696245,4.75732105573101,1.0,0.0,1.6255742187500009,3.613374023437507,2.316754882812499,2.5185677083333355,0.75,31.1671875,27.039393772084296,21.920737778626886
2012-08-01,20,4.0726269531249955,3.0100000000000136,4.450995436876989,3.7431270349802745,1.9537454640546241,1.4439755750995134,0.6,0.0,1.7247581787109358,2.0363134765624977,1.4459626464843764,1.7356781005859367,1.0,31.707208251953126,-35.3032210340524,-18.911150898207342
2012-08-31,20,8.240468750000002,9.86499999999993,9.922605008166528,11.864843024667387,3.9512330505471764,4.730181646966091,0.9,0.05,0.6100909423828116,4.120234375000001,2.1926885986328135,2.3076713053385416,0.95,26.52486572265625,16.467625443486458,16.36968995260101
2012-09-28,20,8.212690429687518,11.029999999999927,9.556227824991248,12.365152647662631,3.937868078844608,5.288727887836432,1.0,0.0,0.5028575439453016,4.106345214843759,1.9500361328125013,2.186412963867187,0.85,22.136761474609376,25.542244517791726,22.716458928651804
2012-11-01,20,4.253425292968757,3.3849999999999567,4.512499618926526,4.140833249480041,2.039447280189787,1.6230516743421852,0.8,0.0,1.532551391601563,2.1267126464843784,0.6743004150390617,1.4445214843750012,1.0,22.06851806640625,-25.655104666730022,-8.975642027921673
2012-11-30,20,3.755913085937493,8.020000000000039,4.565052889770049,9.240129869217247,1.8017951886553583,3.8473726847193968,1.0,0.0,0.6399329833984383,1.8779565429687466,1.5272593994140613,1.3483829752604155,1.0,21.671923828125,53.168166010754675,50.59536008278241
2012-12-31,20,6.006300048828132,8.954999999999917,7.253079288185363,10.027935979053638,2.882985385982008,4.298342394084312,0.85,0.05,0.8155451660156257,3.003150024414066,1.4229014892578118,1.7471988932291678,0.7,16.202764892578124,32.927972654068256,27.67126452207511
2013-02-01,20,9.08113037109373,4.05500000000003,10.31431499587065,5.067494449923,4.3557547756728265,1.9449765495687033,0.3,0.0,1.2845706787109397,4.540565185546865,5.715396362304685,3.84684407552083,1.0,69.99967041015626,-123.94896106272905,-103.53875268728463
2013-02-28,20,19.61662475585939,17.324999999999942,23.33075072638302,20.564690612795456,9.40299055947877,8.30452809647132,0.1,0.0,3.571530639648439,9.808312377929695,1.384542968750005,4.921461995442713,0.75,41.399407958984376,-13.227271318092098,-13.450531134499574
2013-04-01,20,13.284512939453112,10.814999999999987,15.63250904653375,13.410835171606564,6.356986691926361,5.175260198588341,0.05,0.0,3.088984008789061,6.642256469726556,2.5834268798828064,4.104889119466141,0.75,40.440185546875,-22.834146458188886,-16.566260389441787
2013-04-30,20,14.482690429687489,11.455000000000007,16.562006101598257,13.174881403640791,6.918697748826188,5.47230385801419,0.4,0.0,2.733449951171873,7.2413452148437445,1.297285522460937,3.757360229492185,0.9,39.262701416015624,-26.431169181034306,-25.708957782507678
2013-05-31,20,13.49974243164063,11.365000000000009,17.62622357563886,15.339964145981563,6.436016202699288,5.418275534816118,0.35,0.0,3.009017700195307,6.749871215820315,1.7926833496093628,3.850524088541661,0.8,41.804925537109376,-18.78347938091174,-14.903942459710397
2013-07-01,20,12.312617187500019,18.00999999999997,14.394644383693727,20.851258954796926,5.85674763494835,8.566824039043848,0.95,0.0,1.1942828369140623,6.156308593750009,3.6084387207031243,3.6530100504557317,1.0,48.027215576171876,31.63455198500811,30.96510663984548
2013-08-01,20,3.471549072265634,4.214999999999963,4.290168098553256,4.797134561381365,1.647887004212531,2.0007908798543066,0.9,0.0,1.808659545898438,1.735774536132817,2.0624195556640617,1.8689512125651053,1.0,38.710791015625,17.638218926081517,10.568110115346133
2013-08-30,20,21.51037597656249,24.80000000000008,23.197612500146086,26.88397292068275,10.196143253657302,11.755459456692929,0.95,0.0,6.533580322265604,10.755187988281245,3.7429913330078106,7.010586547851553,0.15,30.544342041015625,13.264612997732176,13.712111790220646
2013-10-01,20,6.946007080078118,8.875000000000034,8.380779623951412,10.670402991452582,3.2889891120441894,4.202382467059624,0.8,0.0,0.6501184082031262,3.473003540039059,2.1525140380859358,2.0918786621093735,1.0,28.026324462890624,21.73513149207784,21.457702856539246
2013-11-01,20,6.563103027343743,3.8399999999999297,7.8223573463234555,5.212005372215155,3.107806985899628,1.8183439717667116,0.15,0.0,1.624661743164062,3.2815515136718716,1.205557373046885,2.037256876627606,0.75,20.300262451171875,-70.91414133707978,-50.08344749650315
2013-11-29,20,3.738039550781275,5.364999999999907,4.4970803114060445,6.52943335979465,1.7699835412434939,2.5403588083455295,1.0,0.0,0.7613717041015627,1.8690197753906375,1.4131839599609368,1.3478584798177122,1.0,21.745556640625,30.325451057197768,31.126024823270775
2013-12-31,20,12.060264892578152,10.06000000000006,14.556503592920645,12.545915670049808,5.712001444344339,4.764632870167451,0.05,0.05,2.1838946533203107,6.030132446289076,2.466449584960949,3.560158894856779,0.5,21.5973388671875,-19.883348832784108,-16.02583642157428
2014-01-29,20,7.537543945312495,8.920000000000027,8.899455670513458,10.274823599459046,3.565768211815862,4.21976345082243,0.95,0.0,0.936310424804692,3.7687719726562476,2.7447521972656252,2.4832781982421883,0.95,36.212371826171875,15.498386263313085,13.38580575746331
2014-02-28,20,7.3810876464844,4.479999999999984,9.165455371112598,5.784980553122005,3.4876080306687385,2.1168267775329577,0.3,0.0,2.012229980468752,3.6905438232422,0.7481185302734331,2.150297444661462,0.95,27.166986083984376,-64.75642068045593,-58.43537047270173
2014-04-01,20,19.25672729492188,21.979999999999915,20.606377880925635,23.50948744656072,9.093346517711517,10.379321127531664,1.0,0.0,7.011931640624996,9.62836364746094,3.1353571777343747,6.591884155273437,0.15,23.664501953125,12.389775728289559,12.34867230616629
2014-04-30,20,6.026547851562509,6.990000000000054,6.407092459904571,7.477432714508425,2.8448244508611653,3.2996208445211317,0.75,0.0,0.5948403320312452,3.0132739257812546,2.0077133789062507,1.8719425455729166,0.95,26.006890869140584,13.783292538448322,14.314274637698558
2014-05-30,20,2.310989990234373,3.375000000000017,2.7523340693982226,4.015034246429305,1.0913130687606387,1.5937678755127966,0.75,0.0,1.023990356445314,1.1554949951171865,1.3538728027343747,1.1777860514322918,1.0,23.77863159179689,31.52622251157448,31.44930029311808
2014-07-01,20,10.878103027343787,8.920000000000005,13.710551949114874,11.384550935368505,5.1377307175607525,4.212918179341085,0.25,0.0,2.095938354492186,5.4390515136718935,1.830667480468766,3.1218857828776154,0.7,24.14703369140625,-21.951827660804717,-20.43120564835067
2014-08-01,20,6.8255456542968655,6.7549999999999955,7.853808368244437,7.52459301224991,3.2228508552371458,3.1895409729509137,0.65,0.0,1.0790364379882817,3.4127728271484328,2.0846455078125015,2.1921515909830718,0.95,31.476760864257812,-1.0443472138692842,-4.375191528080918
2014-09-01,20,20.409011230468746,21.835000000000026,23.587234598037472,25.142643059153524,9.63139111930241,10.304341680992756,0.95,0.0,3.419965209960939,10.204505615234373,1.9230706787109486,5.18251383463542,0.5,35.810607910156264,6.530747742300335,6.186336326919234
2014-10-01,20,6.41458862304687,7.439999999999986,7.58718224755842,9.139584235620312,3.0242451543564113,3.5076893111384253,0.7,0.0,2.293899780273436,3.207294311523435,2.680972045898438,2.7273887125651033,1.0,49.74871826171875,13.782410980552658,16.985477107499175
2014-10-31,20,41.643731689453126,41.1,44.26473277529987,43.396474511185815,19.605959408462425,19.349969347052713,0.4,0.0,6.023318481445313,20.821865844726563,19.135007934570314,15.326730753580728,0.05,39.085986328125,-1.3229481495209854,-2.0007576050682485
2014-12-01,20,7.059488525390634,6.6200000000000045,8.244234399332253,8.055122593728798,3.316346583169353,3.1098873950455634,0.65,0.0,2.772206420898437,3.529744262695317,2.1080566406250023,2.8033357747395855,0.95,45.217340087890626,-6.6387994771998375,-2.3477210111077014
2014-12-31,20,6.148814697265641,12.245000000000038,7.244206928576113,14.060529861993158,2.8810443322199975,5.737429014363072,0.75,0.05,1.6187534179687497,3.0744073486328203,2.2251717529296897,2.3061108398437535,0.95,37.44813842773438,49.78509842984384,48.47842151270673
2015-01-30,20,11.886125488281255,8.510000000000037,13.904874946540893,9.92285241248708,5.56244059141532,3.9824894562668343,0.25,0.05,2.7595230712890633,5.943062744140628,0.9814840087890614,3.2280232747395843,0.85,34.742529296875,-39.67244992104822,-40.12981719896157
2015-02-27,20,18.95632568359374,14.42999999999995,23.03581903761352,18.736621894034112,8.854786570549233,6.740471352188832,0.05,0.0,3.5081832275390616,9.47816284179687,6.042571777343742,6.342972615559892,0.55,32.91145629882813,-31.367468354773425,-22.945422968418374
2015-04-01,20,17.159172363281254,20.745000000000097,18.81697362430119,22.356688037363753,7.99678105715968,9.667903528131205,1.0,0.0,2.5487635498046823,8.579586181640627,3.453299438476562,4.86054972330729,0.35,33.292041015625,17.285262167842017,15.832910523896889
2015-04-30,20,31.277656250000007,25.0050000000001,33.39132507046597,26.945287157497592,14.564545883386895,11.643662392833246,0.0,0.0,4.482821166992189,15.638828125000003,15.040994140625008,11.720881144205734,0.05,28.132855224609376,-25.085607878423847,-23.922691472132815
2015-06-01,20,5.2705944824218705,5.87000000000005,6.3221307823996336,6.931666466298021,2.451338371343427,2.7301201577500316,0.65,0.0,1.9905506591796869,2.6352972412109352,1.4699699707031253,2.031939290364582,1.0,34.60520629882812,10.211337607805355,8.793494131057363
2015-07-01,20,27.204658203125007,24.28000000000005,31.916451707904297,28.874435059408572,12.629822782920407,11.27204373896831,0.0,0.0,4.458090332031251,13.602329101562503,7.79550708007814,8.618642171223966,0.35,37.5583251953125,-12.045544493924833,-10.535328716343146
2015-07-31,20,13.302171630859368,13.210000000000026,16.42522913205326,16.48411356427759,6.162715937828374,6.120014069721759,0.5,0.0,3.3571575927734365,6.651085815429684,1.324291992187494,3.777511800130205,0.9,44.069573974609376,-0.6977413388292348,0.35721928264274766
2015-09-01,20,8.121337890624977,8.524999999999977,9.832384037300992,10.133237389896657,3.7527763381133026,3.939303931603053,0.55,0.0,2.1801129150390626,4.0606689453124885,2.3550708007812453,2.8652842203775983,0.9,41.25715942382813,4.735039406158375,2.968975669075221
2015-10-01,20,39.53548095703125,44.330000000000084,43.1931819107429,47.68639218896736,18.222405264878766,20.432259981104718,1.0,0.0,14.357222778320306,19.767740478515623,6.564904296874998,13.563289184570309,0.15,50.353936767578126,10.815517805027808,9.422416064564434
2015-10-30,20,11.4572595214844,13.395000000000039,13.280987276417196,15.98100434891379,5.266468084147854,6.1571739607431875,0.7,0.0,2.926060058593749,5.7286297607422,2.7760914306640627,3.810260416666671,1.0,57.021514892578125,14.466147655958444,16.895165119457033
2015-12-01,20,11.192774658203154,15.364999999999975,13.38625801883461,17.47616948876381,5.132132163797664,7.045188803024655,0.95,0.0,3.5448822021484383,5.596387329101577,2.7773052978515604,3.9728582763671922,1.0,63.221875,27.15408618156087,23.402791284204362
2015-12-31,20,30.96450561523441,29.66500000000003,32.580580693579,31.503753744593702,14.174801495687612,13.57991926609968,0.05,0.05,5.16371862792969,15.482252807617204,7.275913330078137,9.30729492187501,0.3,48.441192626953125,-4.380602107650011,-3.4180909288312726
2016-02-01,20,11.154653320312502,16.589999999999996,13.274012577682281,19.86295546991936,5.097608030754485,7.581528067413544,0.8,0.0,4.0492139892578125,5.577326660156251,4.163795654296874,4.596778767903646,1.0,82.13009643554688,32.76278890709762,33.1720166327485
2016-02-29,20,50.70539062500001,44.74000000000009,57.53793903857923,50.48834518975651,23.130556660392287,20.409291640004064,0.1,0.0,15.560342651367197,25.352695312500003,9.590620483398435,16.834552815755213,0.25,81.00089111328126,-13.333461388019463,-13.962814234309672
2016-04-01,20,7.15597778320315,6.310000000000025,8.093265140707887,7.292873233506826,3.250423209174019,2.8661590451036036,0.25,0.0,3.6422208251953143,3.577988891601575,3.49619348144531,3.5721343994140664,1.0,71.38414306640625,-13.406937927149313,-10.974987245406808
2016-04-29,20,31.837949218749987,29.17999999999993,35.57712546782768,32.31279932163095,14.440827392215937,13.23525395463283,0.15,0.0,5.68111047363281,15.918974609374994,3.3888724365234255,8.32965250651041,0.45,56.90068359375,-9.108804724983088,-10.102269734369667
2016-06-01,20,16.864776611328125,21.16500000000001,19.633225129779785,23.95597002836662,7.6269077522884645,9.571635978193552,0.95,0.0,2.3455451660156266,8.432388305664062,4.429182617187499,5.069038696289063,0.75,54.35931396484375,20.31761582174289,18.04454127079058
2016-07-01,20,8.309932861328104,11.354999999999938,10.044175278222525,13.150076045407419,3.744699704227822,5.116896351760768,0.8,0.0,2.49415869140625,4.154966430664052,3.700498291015625,3.4498744710286426,1.0,61.94656982421875,26.816971718818593,23.618880654835525
2016-08-01,20,9.250826416015617,12.170000000000073,11.19584932836403,14.500344823486179,4.161247926769598,5.474363585626362,0.9,0.0,1.6316064453125048,4.625413208007808,3.2688012695312496,3.1752736409505204,0.9,47.952880859375,23.986635858540993,22.78908215872125
2016-09-01,20,11.325101318359373,11.480000000000052,13.499955064547551,13.791772909963457,5.081844318943814,5.151351068877387,0.65,0.0,1.7922857666015566,5.662550659179686,3.7202185058593757,3.7250183105468735,0.9,48.563751220703125,1.3492916519222866,2.115883485908407
2016-09-30,20,31.81986083984375,28.975000000000044,34.252194867665494,31.43750149105369,14.255087562784501,12.980608689981619,0.0,0.0,5.270604858398437,15.909930419921874,6.715059204101562,9.298531494140626,0.05,45.29237060546875,-9.818329041738396,-8.95329858644394
2016-11-01,20,18.455065917968774,19.355000000000064,22.640111325774257,23.702774099248465,8.250630971859906,8.652960827675283,0.8,0.0,4.3224681396484375,9.227532958984387,1.4105750732421847,4.986858723958337,0.95,56.8887451171875,4.6496206769893424,4.483284399642918
2016-12-01,20,16.72864990234376,15.00000000000001,22.265660433959887,20.210294406564206,7.463648189001266,6.692394394561015,0.15,0.0,4.179569213867188,8.36432495117188,1.0590031738281194,4.534299112955729,0.95,52.365875244140625,-11.524332682291663,-10.169896519311012
2016-12-30,20,23.834229736328133,23.40500000000001,29.092140474881774,28.568102842155984,10.618102201630517,10.426881203145124,0.25,0.05,4.266782714843761,11.917114868164067,4.905561645507812,7.029819742838547,0.5,49.954827880859376,-1.8339232485713517,-1.8343452332876076
2017-02-01,20,20.270438232421874,22.24,21.30828352114394,23.179408965717833,9.005984193281318,9.881043821648344,1.0,0.0,1.4689254150390627,10.135219116210937,4.4798905029296865,5.361345011393229,0.75,49.08148193359375,8.855943199541928,8.072360461568591
2017-02-28,20,14.219139404296868,13.699999999999989,17.05550078381899,15.630930874391339,6.309168648751623,6.078821511643474,0.45,0.0,3.0216324462890625,7.109569702148434,4.663717285156245,4.931639811197914,0.6,41.688629150390625,-3.7893387174954745,-9.113788045480826
2017-03-31,20,20.151121826171867,16.855000000000075,22.142113663987917,18.755359234096336,8.92227668459174,7.46285863467301,0.05,0.0,3.895494995117187,10.075560913085933,3.0036840820312465,5.658246663411455,0.5,40.22584838867188,-19.555750971057712,-18.057528984753468
2017-04-28,20,4.947429199218766,6.28499999999998,5.910552652119337,7.5232639193370865,2.187257939724996,2.7785978530713065,0.7,0.0,1.779434326171876,2.473714599609383,2.4758214111328116,2.2429901123046903,1.0,42.552557373046874,21.28195387082289,21.436324506343432
2017-06-01,20,9.468266601562494,9.24000000000002,11.864080712603242,11.7779454914684,4.1820305343413064,4.081207655362904,0.45,0.0,2.678661499023439,4.734133300781247,1.210798950195311,2.874531249999999,1.0,38.8946044921875,-2.4704177658276367,-0.7313263692486636
2017-06-30,20,13.493134765624996,13.039999999999987,15.717294349204833,14.750932173933936,5.955632682116544,5.755626955764894,0.45,0.0,1.6846837158203196,6.746567382812498,3.033189819335939,3.821480305989585,0.85,42.71751708984375,-3.4749598590874964,-6.551193944058227
2017-08-01,20,9.162375488281247,10.269999999999925,11.214141159650758,12.350546546610719,4.0395086767818515,4.527838240597093,0.8,0.0,2.9247938232421884,4.581187744140624,1.8741948242187487,3.126725463867187,1.0,47.98988647460938,10.785048799597718,9.201255852695986
2017-09-01,20,7.969930419921866,6.390000000000032,9.443221518580755,7.858689458173074,3.508235229199363,2.8127752606908976,0.05,0.0,2.6089326171874996,3.984965209960933,1.2305632324218752,2.6081536865234356,1.0,38.39495849609375,-24.725045695177254,-20.16280282916333
2017-09-29,20,19.231383056640606,18.245000000000026,20.828992779379842,19.843903345864224,8.45840651936487,8.024572465292573,0.0,0.0,1.5390699462890691,9.615691528320303,4.5356492919921845,5.230136922200519,0.7,46.66297607421875,-5.40631985004428,-4.96419185452708
2017-11-01,20,13.684980468750018,15.83500000000006,17.464329771341614,19.908754355810466,6.017083590341408,6.962415391869349,1.0,0.0,2.3707895507812626,6.842490234375009,2.9431893310546884,4.0521563720703195,0.65,32.273065185546876,13.577641498263551,12.278139258649471
2017-12-01,20,6.539467773437491,5.860000000000014,7.394586808557662,6.887234568388094,2.8724655970005264,2.5740089226825558,0.4,0.0,1.646482910156251,3.2697338867187455,1.0571260986328226,1.9911142985026065,0.85,25.684039306640624,-11.595013198591738,-7.366559613030717
2017-12-29,20,3.1190148925781274,4.845000000000084,3.614357037427071,5.772477804201673,1.3698553436471368,2.1278991503899163,0.95,0.05,1.2526728515625005,1.5595074462890637,1.1768345947265613,1.3296716308593752,1.0,24.295074462890625,35.624047624807574,37.386384841596936
2018-02-01,20,9.828265380859387,9.630000000000006,11.947093394260508,11.734010397131923,4.3149536563610535,4.22790819137645,0.3,0.05,2.2536812744140624,4.914132690429693,2.573764404296868,3.2471927897135413,0.75,28.329949951171876,-2.058830538519008,-1.8159434832328663
2018-02-28,20,4.419433593750023,4.5350000000000135,5.916329900389245,5.853588642875424,1.936684518422214,1.9873280375714937,0.55,0.05,1.7143232421875019,2.2097167968750115,1.958172485351562,1.9607375081380252,0.85,32.33113403320313,2.548322078279824,-1.0718426138499688
2018-03-30,20,5.411778564453153,4.705000000000018,6.893178275249928,6.294720009658919,2.370104897220359,2.0605690732929407,0.4,0.05,1.6951564941406307,2.7058892822265763,1.3148184814453108,1.9052880859375059,0.95,29.761322021484375,-15.021861093584105,-9.50730556200604
2018-04-30,20,3.915811767578134,3.6700000000000044,4.9117417928623395,4.581266200517069,1.7144729084354107,1.6068483235213158,0.45,0.0,1.5351645507812486,1.957905883789067,1.555798583984376,1.6829563395182305,0.95,28.6390625,-6.697868326379549,-7.213629985264139
2018-06-01,20,23.284619140625022,22.529999999999994,28.649374713633925,27.732057262309226,10.18418448930822,9.854130538205364,0.2,0.0,3.414713623046878,11.642309570312511,9.517869384765646,8.191630859375012,0.4,29.2320556640625,-3.349396984576246,-3.3077872393240355
2018-06-29,20,6.477459716796898,5.875000000000023,7.367741691782485,6.853210926273907,2.830962923111257,2.567658912667569,0.5,0.0,2.291728393554688,3.238729858398449,2.4462855224609363,2.658914591471358,1.0,47.38013916015625,-10.254633477393574,-7.507878730770782
2018-08-01,20,7.173680419921868,6.08999999999993,8.910564743533449,7.625745865159623,3.1309091397601576,2.657943418860414,0.4,0.05,2.4086121826171856,3.586840209960934,1.1242290039062535,2.3732271321614578,0.95,34.38881225585938,-17.794423972445827,-16.84843556410507
2018-08-31,20,15.179946289062503,10.585000000000047,16.302096273768914,12.003936854215818,6.619916968083478,4.616078329450499,0.0,0.0,2.9827626953125,7.5899731445312515,2.882209228515609,4.484981689453121,0.45,28.8844482421875,-43.40997911254072,-35.80624816468916
2018-10-01,20,27.588017578124994,21.644999999999946,29.040837190976134,22.920634807962827,12.026699762416643,9.435905121501666,0.0,0.0,4.27328173828125,13.794008789062497,11.648320434570302,9.90520365397135,0.05,29.876727294921874,-27.456768667706456,-26.70171412917017
2018-11-01,20,10.178157958984343,10.810000000000013,11.339410431826249,11.8102921217047,4.431786521441907,4.706903988898957,0.75,0.0,2.2794187011718643,5.089078979492172,2.583712402343746,3.3174033610025937,0.7,31.46800537109375,5.84497725268889,3.9870452400840737
2018-11-30,20,6.039476318359391,5.255000000000029,6.860886305396722,6.06122924826312,2.6284827548931373,2.2870653263387064,0.35,0.0,1.9751579589843764,3.0197381591796955,1.436439331054688,2.14377848307292,0.95,33.53812866210937,-14.928188741376923,-13.192984861325744
2018-12-31,20,6.066237792968752,4.515000000000066,7.356397198753559,5.849572633962319,2.638166624316248,1.9635435858769328,0.15,0.05,2.1675563964843754,3.033118896484376,1.0152304687499996,2.0719685872395837,0.95,30.88670654296875,-34.357426200856324,-25.759566708218873
2019-02-01,20,11.789208984375,11.825000000000092,12.213819367688851,12.242242441644514,5.125172806159023,5.140732386129964,0.4,0.0,2.8279125976562502,5.8946044921875,1.0662731933593774,3.2629300944010424,0.75,32.32781982421875,0.30267243657582865,0.23217212117100428
2019-02-28,20,14.427482910156254,12.92000000000005,15.230741707572147,13.617855925218231,6.27075617209378,5.615544322455517,0.05,0.0,2.869332763671876,7.213741455078127,1.7190589599609347,3.9340443929036457,0.35,28.037628173828125,-11.66782438201392,-11.843903997890683
2019-04-01,20,5.830549316406246,5.040000000000032,9.02170245436682,8.303493240799382,2.5332822612733046,2.1898009782527907,0.3,0.05,1.8940589599609392,2.915274658203123,1.0973308105468775,1.9688881429036467,0.9,27.673614501953125,-15.685502309646996,-8.64948272660116
2019-04-30,20,26.803022460937484,24.75499999999994,29.065147968540956,26.80243459090977,11.643350734594055,10.753680778163767,0.0,0.0,4.419365966796874,13.401511230468742,3.9836027832031107,7.268159993489576,0.35,40.84339599609375,-8.273166879166029,-8.442193450585274
2019-05-31,20,13.816361083984361,15.464999999999986,17.872548779312332,19.471479142581828,5.999851272777088,6.715784233596439,1.0,0.0,2.193592651367178,6.908180541992181,3.2307127685546853,4.110828653971348,0.7,37.303662109375,10.66045209192128,8.211653318996314
2019-07-01,20,20.899822998046897,19.21499999999994,22.053967531198097,20.20961404876396,9.071122755868398,8.339861240465975,0.15,0.0,3.7974832763671906,10.449911499023449,4.087292724609394,6.111562500000011,0.1,34.03464965820312,-8.768269570892338,-9.12611927166882
2019-08-01,20,31.373676757812497,28.429999999999904,32.303756779356256,29.33090520253329,13.611674787087505,12.334541379519154,0.0,0.0,4.459011962890625,15.686838378906248,16.304739257812496,12.150196533203124,0.0,26.47374267578125,-10.354121554036592,-10.135560277785773
2019-08-30,20,14.598642578125009,17.57000000000005,16.389088426264518,19.369770261931397,6.325704349725961,7.613216422684701,0.95,0.05,1.6736304931640462,7.2993212890625045,3.3723124999999996,4.115088094075516,0.65,38.455511474609374,16.91153911141168,15.388317958138078
2019-10-01,20,16.917777099609374,16.27000000000004,19.670606207614984,19.481606709920026,7.325134250130705,7.04465684515838,0.25,0.0,1.6070545654296722,8.458888549804687,3.564095336914061,4.543346150716141,0.55,37.62286376953125,-3.9814204032534355,-0.9701432767284004
2019-11-01,20,9.239338378906234,7.4599999999999795,11.35390791951067,9.258455594752256,3.9974420188817965,3.2276031289145584,0.3,0.0,2.7800858154296852,4.619669189453117,1.2645113525390603,2.8880887858072875,0.95,39.54111328125,-23.851720896866752,-22.632849542920827
2019-11-29,20,10.708380126953113,11.62499999999999,11.732702214974575,12.64640265055638,4.630238788632645,5.026579676824554,0.5,0.0,1.7378410644531264,5.3541900634765565,2.3410645751953156,3.1443652343749995,0.65,31.453375244140624,7.8849021337365786,7.224982952299145
2019-12-31,20,9.959238281249986,7.2450000000000045,12.908336247057116,10.180054027361562,4.304136123558403,3.1311095622532696,0.15,0.05,2.5554614257812482,4.979619140624993,1.7661773681640578,3.1004193115234333,0.75,31.065338134765625,-37.463606366459345,-26.800272497204645
2020-01-31,20,11.568212890624988,11.199999999999989,16.682309724624286,16.18351012605115,4.993706901456461,4.834758646397164,0.4,0.05,2.80324560546875,5.784106445312494,2.0235762939453195,3.5369761149088546,0.75,36.08284301757813,-3.2876150948660685,-3.082147165157954
2020-02-28,20,25.077473144531222,24.074999999999978,30.185576657187507,28.935868744518405,10.808551309995666,10.376478973316816,0.5,0.0,5.1055186767578045,12.538736572265611,6.866220214843734,8.170158487955717,0.4,42.42240600585937,-4.1639590634734995,-4.318888517580264
2020-04-01,20,7.174252929687498,7.119999999999993,9.12720968230115,9.019589791115772,3.070801763231965,3.047579834234244,0.35,0.0,3.4301135253906265,3.587126464843749,3.2571978759765563,3.4248126220703106,0.95,66.46599731445312,-0.7619793495436065,-1.193179442499507
2020-04-29,20,6.796353759765623,6.339999999999975,8.39636657632033,7.8945550856270295,2.9029725907607147,2.7080471199688647,0.25,0.0,2.9968736572265624,3.3981768798828114,2.3966639404296872,2.9305714925130197,1.0,53.9353759765625,-7.198008829111192,-6.35642522283375
2020-06-01,20,27.301105957031258,28.504999999999917,28.768957012108384,29.880386543684384,11.64669777913781,12.160281005349535,1.0,0.0,6.780777465820319,13.650552978515629,5.018680541992188,8.483336995442713,0.25,43.3184814453125,4.2234486685446875,3.7195955612927496
2020-07-01,20,3.564007568359398,3.4300000000000184,4.291879135364981,3.994746550158106,1.5180122989064377,1.4609346600366284,0.55,0.05,1.711378295898437,1.782003784179699,2.1273759765625,1.8735860188802118,1.0,38.387542724609375,-3.9069261912355344,-7.438083529857866
2020-07-31,20,1.7277661132812454,4.995000000000095,2.3823111681869067,5.421208352387968,0.7354359703197425,2.1261573794677213,0.9,0.0,1.6209038085937482,0.8638830566406227,1.5988575439453139,1.3612148030598952,1.0,32.19761352539062,65.41008782219794,56.0557164873117
2020-09-01,20,7.552655029296875,8.525,8.789293057982295,10.834089717184348,3.215021534670395,3.628930286998255,0.5,0.0,1.5493322753906251,3.7763275146484374,1.3681689453124997,2.2312762451171877,0.6,19.66365966796875,11.405806107954552,18.873728320328798
2020-09-29,20,25.764472656250007,29.53000000000001,28.486794446851903,32.08365627543097,10.96303105268385,12.565299173985654,1.0,0.0,11.118253662109385,12.882236328125003,4.07697216796875,9.35915405273438,0.15,28.84520263671875,12.751531810870302,11.210885061542912
2020-10-30,20,12.249616699218745,16.58000000000004,13.738043706641326,18.995710042006916,5.209438508814783,7.051036175006027,0.85,0.0,1.5835993652343678,6.124808349609372,2.430734130859373,3.3797139485677046,0.55,26.64422607421875,26.11811399747458,27.67817746079952
2020-12-01,20,8.343227539062514,10.690000000000055,10.198949339365958,12.760407517003593,3.5467798513618964,4.544413589769983,0.9,0.0,3.026383056640627,4.171613769531257,1.3740423583984374,2.857346394856774,0.7,18.625811767578124,21.952969700070426,20.07348256099518
2020-12-31,20,15.524580078125007,10.320000000000016,17.767782392377867,12.180640377254392,6.594062952943003,4.38341838116827,0.2,0.05,3.1283493652343752,7.762290039062504,1.7543789062499957,4.215006103515624,0.5,31.7266845703125,-50.43197750121107,-45.86903349972196
2021-02-01,20,6.803900146484375,6.605000000000018,8.183450717193189,8.047080215829864,2.8886495457523944,2.804204917609373,0.25,0.0,1.2754549560546846,3.4019500732421877,2.5967197265625,2.4247082519531244,0.95,38.699249267578125,-3.0113572518449145,-1.6946581580616449
2021-02-26,20,25.383681640625003,22.459999999999912,26.078953816181457,23.13179629860154,10.771071229244772,9.530463832388346,0.0,0.0,3.9290499267578127,12.691840820312501,8.958649658203125,8.52651346842448,0.0,29.336444091796874,-13.017282460485763,-12.74072051965152
2021-04-01,20,12.548353271484359,13.254999999999892,13.51053378847322,14.233042541916223,5.3197489750662434,5.619324794173682,1.0,0.0,0.6408177490234324,6.2741766357421795,2.929608276367185,3.281534220377599,0.85,33.025927734375,5.331171094044052,5.076277621704703
2021-04-30,20,18.161583251953097,15.394999999999879,19.46614706617819,16.789356747654043,7.695708566042194,6.523408875240973,0.0,0.0,3.295161010742185,9.080791625976548,4.866850097656239,5.747600911458324,0.35,29.656817626953124,-17.970660941560507,-15.94337626364496
2021-06-01,20,10.819438476562516,9.350000000000012,14.170009675686838,12.380105007632217,4.581353209756498,3.959138231065831,0.25,0.0,2.624732055664064,5.409719238281258,1.1817126464843783,3.0720546468099,0.7,31.835699462890624,-15.715919535427824,-14.45791184284109
2021-07-01,20,17.082076416015617,15.034999999999991,18.49327668603341,16.749194010459124,7.228853477268137,6.362564443794784,0.0,0.0,3.3002376708984373,8.541038208007809,1.8384750976562487,4.559916992187498,0.4,32.149664306640624,-13.615406824181093,-10.412934941736212
2021-07-30,20,13.77801513671876,14.034999999999958,17.145904300866906,17.530901288866982,5.826094591632881,5.934761776799776,0.75,0.0,2.817204833984375,6.88900756835938,2.6597421875000067,4.121984863281254,0.7,31.5968505859375,1.8310285948072507,2.196104932976654
2021-09-01,20,11.272495117187498,11.26500000000002,13.033573300417,13.12373803456931,4.763422506516735,4.7602552920244126,0.65,0.0,2.5527696533203144,5.636247558593749,0.8733021240234355,3.020773111979166,1.0,34.2607177734375,-0.06653455115382122,0.6870354613510782
2021-10-01,20,8.076606445312507,8.425000000000011,9.867891624674202,10.004723884245916,3.4111264062022926,3.55826920215157,0.65,0.0,1.262783569335935,4.038303222656253,2.000518432617185,2.4338684082031246,0.95,31.59302978515625,4.135235070474826,1.3676765211599535
2021-11-01,20,16.003875732421875,13.450000000000092,16.847019800866043,14.201161924293471,6.754970261121419,5.677021712185881,0.0,0.0,3.1881652832031255,8.001937866210938,1.8915234375000023,4.360542195638022,0.35,30.59794921875,-18.987923661128374,-18.631277431224753
2021-12-01,20,7.632241210937491,5.375000000000023,8.949053056013058,6.625745241103106,3.220186291305916,2.2678137178061375,0.15,0.0,1.69210607910157,3.8161206054687455,2.1238405761718737,2.5440224202473964,0.75,27.991912841796875,-41.99518531976666,-35.06485278813935
2021-12-31,20,8.357685546875008,8.505000000000006,9.425055523814448,9.794360622317322,3.525779823063894,3.5879260145616128,0.6,0.05,2.057755249023438,4.178842773437504,1.5066276855468743,2.5810752360026057,0.75,24.470611572265625,1.7320923353909286,3.770589145567905
2022-01-28,20,2.7894079589843725,4.605000000000052,3.4867238682336157,5.1326893535456355,1.176384752552512,1.9420794179840257,0.75,0.0,1.1827883300781252,1.3947039794921863,1.3904257812500016,1.322639363606771,0.95,25.46002197265625,39.426537264183686,32.06828568682021
2022-02-28,20,19.26332763671876,18.839999999999964,22.494269310878195,22.065153523145927,8.125647177971967,7.947079327103625,0.2,0.0,3.146166748046876,9.63166381835938,7.585091186523454,6.787640584309902,0.45,24.796661376953125,-2.24696197833756,-1.9447668346478255
2022-04-01,20,21.982982177734357,22.719999999999935,26.30402102453146,27.08490354422547,9.250474080829765,9.560612359924706,0.95,0.0,4.07055285644531,10.991491088867178,3.6407691650390555,6.2342710367838485,0.55,39.94974365234375,3.2439164712393493,2.8830913812151846
2022-04-29,20,6.392811279296859,6.424999999999988,7.6548011047446245,7.9560354448682284,2.6864237594976212,2.699950288016423,0.7,0.0,2.4309523925781256,3.1964056396484297,3.547757934570312,3.0583719889322887,1.0,59.787103271484376,0.500991761916403,3.7862367784938034
2022-05-31,20,32.980046386718755,32.75500000000004,37.17447915485158,37.09077378540388,13.842713679268169,13.748254967495237,0.4,0.0,5.706398803710939,16.490023193359377,9.77086437988282,10.655762125651046,0.3,48.866064453125,-0.6870596449968438,-0.22567706441497679
2022-07-01,20,8.162225341796887,8.95500000000003,9.825966896979425,10.788442890426815,3.416912869737137,3.7487882859357584,0.75,0.0,3.224118041992189,4.0811126708984435,2.0799298095703107,3.128386840820314,1.0,53.040478515625,8.852871671726863,8.921361527542109
2022-08-01,20,18.664704589843744,19.380000000000088,24.013216105012024,24.80463666333382,7.801552487911664,8.100534701095663,0.8,0.0,4.150339477539062,9.332352294921872,2.967660400390639,5.483450724283858,0.7,46.46830444335937,3.690894789248403,3.190615404142054
2022-09-01,20,50.46432250976562,50.84000000000009,56.04684929626589,56.72192697714006,21.060834598334388,21.21762024590975,0.6,0.0,7.5591275634765625,25.23216125488281,20.910616699218743,17.90063517252604,0.1,52.893682861328124,0.7389407754415132,1.1901529388207066
2022-09-30,20,24.365219726562522,9.074999999999966,25.770731203631385,12.144978386147896,10.144090211193767,3.7782388051367968,0.2,0.0,2.479173828125002,12.182609863281261,6.833800415039063,7.165194702148443,0.85,78.24511108398437,-168.48726971418859,-112.19248305146849
2022-11-01,20,61.432608642578145,59.39500000000006,71.78850017591672,69.44668098620701,25.515990167535683,24.669670871674413,0.1,0.0,34.209515380859386,30.716304321289073,8.967538452148435,24.63111938476563,0.25,55.145208740234374,-3.4306063516762073,-3.372111030295062
2022-12-01,20,21.962602539062505,23.659999999999922,26.33459827411171,28.07197891136276,9.081402197968009,9.783265695482289,0.95,0.0,2.195724365234373,10.981301269531253,5.440158203125,6.205727945963542,0.7,65.8314453125,7.174122827292571,6.1890208835537655
2022-12-30,20,21.460626220703126,21.729999999999972,24.814943848002603,25.480502349835998,8.84769739200129,8.958753689242933,0.75,0.05,1.218796997070306,10.730313110351563,4.916181030273437,5.6217637125651025,0.75,56.76220703125,1.2396400335795947,2.612030534938331
2023-02-01,20,51.69488647460937,45.870000000000026,59.27271881146144,52.761207340241974,21.297366916495797,18.897618064012683,0.1,0.0,6.9312984619140625,25.847443237304685,26.95536108398436,19.91136759440104,0.15,41.02018432617187,-12.698684269913539,-12.341475488285521
2023-02-28,20,17.09874145507813,12.705000000000064,20.117480012024792,14.862553616387798,7.027229582248571,5.2214925921318684,0.35,0.0,1.7140880126953106,8.549370727539065,6.372072265624999,5.545177001953125,0.95,79.75359497070312,-34.58277414465206,-35.35682044465623
2023-03-31,20,18.87163940429688,17.49500000000004,20.97874845496843,19.64190673025411,7.7361406614217625,7.171808340125326,0.1,0.0,4.423455932617188,9.43581970214844,1.2115556640624967,5.023610432942708,0.95,56.04136352539062,-7.868759098581512,-6.806068998663979
2023-04-28,20,10.870728759765644,11.72500000000009,13.478014492343185,14.390500338765223,4.447939224264687,4.797478490819062,0.75,0.0,1.5301923828124997,5.435364379882822,3.941785766601562,3.6357808430989613,1.0,54.719781494140626,7.2858954390997,6.340890343916522
2023-06-01,20,23.673469238281257,26.129999999999917,27.11136684167792,29.321238036617675,9.674928347770201,10.67886904038695,1.0,0.0,7.217070190429682,11.836734619140628,4.481757934570312,7.845187581380206,0.4,41.38929443359375,9.401189290924869,7.536759505788837
2023-06-30,20,27.16933471679688,26.839999999999964,31.607773921080177,31.34174532472622,11.085179533739721,10.950809866596927,0.35,0.0,6.0326378173828115,13.58466735839844,5.176695068359374,8.264666748046876,0.55,48.959014892578125,-1.2270294962627233,-0.8487995598129072
2023-08-01,20,48.16681152343748,46.760000000000026,51.23900683757723,49.72186641710066,19.614328906831673,19.041451793776424,0.0,0.0,7.0140126953124975,24.08340576171874,23.27994177246092,18.125786743164053,0.05,44.309417724609375,-3.008578963724238,-3.0512539649050416
2023-09-01,20,12.147559814453098,10.79000000000001,15.758070453390614,14.352665257714335,4.939670705290062,4.3876340371392875,0.1,0.0,3.779561889648435,6.073779907226549,1.4905388183593729,3.781293538411452,0.95,52.642095947265624,-12.581647956006368,-9.791945749733802
2023-09-27,20,6.141656494140602,6.940000000000009,6.989448870124186,7.840599466877521,2.495806422567809,2.8202320642884344,0.7,0.0,3.1230747070312486,3.070828247070301,2.488187499999996,2.8940301513671813,0.95,55.3955078125,11.503508729962618,10.855682659840049
2023-11-01,20,43.18270629882811,40.829999999999906,46.017468353739275,43.62336529888531,17.526465681451793,16.571578187379494,0.05,0.0,18.826764526367178,21.591353149414054,6.7001525878906225,15.706090087890617,0.1,47.330743408203126,-5.762200095097252,-5.48812096098221
2023-12-01,20,12.178393554687512,13.729999999999938,15.033822893734524,16.492877250498115,4.9285021281716395,5.55642531307017,0.9,0.0,3.760336425781253,6.089196777343756,2.544349853515629,4.131294352213546,0.8,51.73465576171875,11.300848108612044,8.846572581624743
2023-12-29,20,35.311932373046865,33.1499999999999,38.14716729085229,36.30935141254926,14.262710494257352,13.389492477775544,0.05,0.05,6.081217041015625,17.655966186523433,9.202250366210928,10.97981119791666,0.1,51.01253051757813,-6.521666283701275,-5.061549729769722
2024-02-01,20,5.0509204101562775,2.9950000000000045,5.844594379859703,3.8718858454247034,2.0378203228103415,1.2083484535896984,0.35,0.0,2.0792281494140616,2.5254602050781387,3.2405319824218752,2.6150734456380254,1.0,53.197601318359375,-68.64508881990885,-50.94955309093352
2024-02-29,20,8.446798095703139,8.204999999999995,11.457261692629967,10.758415310815995,3.406375809479548,3.308864874016275,0.5,0.0,2.1386638183593756,4.2233990478515695,2.997799804687501,3.1199542236328153,0.85,47.2794677734375,-2.946960337637348,-6.49581152636286
2024-04-01,20,19.158638916015626,21.539999999999928,23.32205202138411,26.01151668011683,7.716217288883287,8.675319845586984,0.9,0.0,4.355094604492186,9.579319458007813,2.100175170898436,5.344863077799478,0.8,53.73570556640625,11.055529637810167,10.339514961034718
2024-04-30,20,16.913314208984353,13.310000000000025,18.70517035630002,15.184136458817818,6.799951106025799,5.351248614131821,0.0,0.0,1.6122885742187498,8.456657104492177,4.71319299316406,4.927379557291662,0.9,58.94899291992188,-27.072232975088813,-23.188897880573556
2024-05-31,20,5.62348510742188,6.095000000000004,6.702977634879677,7.44026209215777,2.257499006127674,2.4467845436610904,0.65,0.0,3.142878295898438,2.81174255371094,2.636877563476562,2.86383280436198,1.0,57.79755859375,7.736093397508187,9.909388246621184
2024-07-01,20,2.889830322265607,3.119999999999982,3.66129905188139,3.605828614895584,1.1594073155514735,1.2517519788790221,0.55,0.0,2.1509891357421886,1.4449151611328035,2.4388796386718736,2.0115946451822886,1.0,45.898687744140624,7.377233260717188,-1.5383547836039395
2024-08-01,20,26.85287353515623,27.249999999999886,32.73232565591474,32.756358161431706,10.768237449448062,10.927488639653003,0.7,0.0,10.740033569335928,13.426436767578116,4.493252563476559,9.553240966796869,0.35,35.78092041015625,1.457344825114337,0.07336745250654887
2024-08-30,20,6.236297607421852,6.524999999999977,8.317388039057299,9.165887845702645,2.494975286106736,2.6104773644015666,0.55,0.0,2.354614501953124,3.118148803710926,2.0480930175781253,2.506952107747392,1.0,44.0270751953125,4.424557740660941,9.257148035508191
2024-09-30,20,46.303688964843744,42.67000000000007,50.63076106528725,46.89334707610459,18.51084775063315,17.058206185671743,0.05,0.0,6.542944946289059,23.151844482421872,25.231533203124997,18.308774210611976,0.05,37.95302124023438,-8.515793215007417,-7.97003033952152
2024-11-01,20,13.75029418945311,15.870000000000015,14.999966942133819,17.493970389822913,5.488996768249177,6.335164725343173,0.85,0.0,3.2624122314453112,6.875147094726555,1.563439819335932,3.900333048502599,0.8,41.88182373046875,13.356684376477023,14.256360289371338
2024-11-29,20,34.60629516601564,37.94499999999996,39.47407395623399,42.94850986937726,13.793347939887823,15.12408609671183,1.0,0.0,5.528278076171875,17.30314758300782,12.936449707031253,11.922625122070317,0.15,42.55286865234375,8.798800458517116,8.089770573438647
2024-12-31,20,22.295068359375,13.884999999999991,26.579444193736396,18.20177189176922,8.876218110800407,5.527961900894505,0.1,0.05,2.505414428710942,11.1475341796875,5.571060180664061,6.408002929687501,0.8,63.44102783203125,-60.56945163395762,-46.026685488545944
2025-01-31,20,13.672330322265612,13.080000000000018,16.372993250988735,15.829592540555208,5.437033036556906,5.201482881257649,0.45,0.0,3.9113533935546867,6.836165161132806,3.3539005126953136,4.700473022460935,0.8,52.3096435546875,-4.528519283376096,-3.432815525992484
2025-02-28,20,18.164915771484367,17.345000000000084,19.682012759264232,19.081443865703747,7.213221363851356,6.887635821158481,0.35,0.0,4.272735473632812,9.082457885742183,1.5542054443359359,4.969799601236978,0.85,49.823876953125,-4.727101594028704,-3.1473975333697077
2025-04-01,20,29.41623291015626,28.64999999999993,35.36699019058127,34.267696158335404,11.665497910976608,11.361635467405053,0.35,0.0,10.069550537109375,14.70811645507813,5.128866210937497,9.968844401041666,0.4,47.59219970703125,-2.6744604193938266,-3.207960135885787
2025-04-30,20,46.00288085937501,44.95000000000001,49.60884352002598,48.26920343241642,18.18554167127811,17.769324069567777,0.4,0.0,18.469732666015634,23.001440429687506,7.265055541992186,16.24540954589844,0.15,52.577581787109374,-2.3423378406562874,-2.775351554092335
2025-05-30,20,17.879069824218732,15.170000000000073,19.582287923488597,17.129039669520363,7.048840459717714,5.980787078143806,0.05,0.0,1.3684907226562475,8.939534912109366,4.732166015624998,5.013397216796871,0.9,58.52572021484375,-17.858073989575782,-14.32215875087017
2025-07-01,20,22.92529541015623,21.61000000000007,25.432919744696786,24.232808339109255,9.022372713591453,8.504731164961825,0.2,0.0,4.7263588867187485,11.462647705078115,2.507049316406243,6.232018636067703,0.65,49.1758544921875,-6.086512772587488,-4.952423956783726
2025-08-01,20,3.8838598632812364,4.375000000000023,5.10217532540963,5.083453550491042,1.526613445053844,1.7196639573056012,0.75,0.0,2.347366333007813,1.9419299316406182,2.578010864257812,2.2891023763020812,1.0,49.25377197265625,11.226060267857921,-0.36828850175644323
2025-09-01,20,7.247167968750011,5.555000000000007,8.963964391074743,7.520339088099664,2.8455643063283476,2.1811430050765597,0.25,0.0,2.7221103515625,3.6235839843750055,1.719367919921875,2.6883540852864605,1.0,44.41478271484375,-30.462069644464485,-19.196279397288087
2025-10-01,20,21.542740478515633,22.49499999999996,23.0934344146669,24.184860967142193,8.455620752427963,8.829386818987139,0.7,0.0,4.353102783203126,10.771370239257816,2.2232210693359393,5.782564697265627,0.65,46.770477294921875,4.233205252208613,4.512850224601737
2025-10-31,20,31.40123168945314,34.56999999999997,33.93276331183774,37.13715121007531,12.314360795092124,13.557030402387635,1.0,0.0,5.3122551269531275,15.70061584472657,8.46695568847657,9.826608886718756,0.15,44.92189331054688,9.166237519661074,8.628523712309468
2025-12-01,20,8.62170288085938,9.28999999999994,11.69379855237486,11.900798292551613,3.3778903918087373,3.639722010087997,0.55,0.0,2.666634521484371,4.31085144042969,2.2662622070312493,3.0812493896484363,0.95,47.38272705078125,7.193725717336552,1.7393769315988568
