requested_origin,forecast_origin_date,forecast_origin_value,forecast_step,target_date,actual_value,chronos_q0.1_lower,chronos_q0.5_median,chronos_q0.9_upper,random_walk_forecast,history_rows,context_length,mase_scale_training_only,model_id,alpha,ensemble_forecast,interval_correction,corrected_q0.1_lower,corrected_q0.5_median,corrected_q0.9_upper,evaluation_role
2026-01-01,2025-12-31,1434.9,1,2026-01-02,1434.9,1425.322265625,1437.7120361328125,1448.9168701171875,1434.9,15264,756,2.5543844591495772,amazon/chronos-2,0.5,1436.3060180664063,3.008544921875,1422.313720703125,1437.7120361328125,1451.9254150390625,out_of_calibration_2026_small_sample
2026-01-01,2025-12-31,1434.9,2,2026-01-05,1442.1,1421.056396484375,1438.0792236328125,1454.0076904296875,1434.9,15264,756,2.5543844591495772,amazon/chronos-2,0.5,1436.4896118164063,3.008544921875,1418.0478515625,1438.0792236328125,1457.0162353515625,out_of_calibration_2026_small_sample
2026-01-01,2025-12-31,1434.9,3,2026-01-06,1446.8,1418.9619140625,1438.9986572265625,1458.4495849609375,1434.9,15264,756,2.5543844591495772,amazon/chronos-2,0.5,1436.9493286132813,3.008544921875,1415.953369140625,1438.9986572265625,1461.4581298828125,out_of_calibration_2026_small_sample
2026-01-01,2025-12-31,1434.9,4,2026-01-07,1445.7,1418.1866455078125,1439.2354736328125,1461.0177001953125,1434.9,15264,756,2.5543844591495772,amazon/chronos-2,0.5,1437.0677368164063,3.008544921875,1415.1781005859375,1439.2354736328125,1464.0262451171875,out_of_calibration_2026_small_sample
2026-01-01,2025-12-31,1434.9,5,2026-01-08,1448.3,1415.127685546875,1439.3961181640625,1463.6251220703125,1434.9,15264,756,2.5543844591495772,amazon/chronos-2,0.5,1437.1480590820313,3.008544921875,1412.119140625,1439.3961181640625,1466.6336669921875,out_of_calibration_2026_small_sample
2026-01-01,2025-12-31,1434.9,6,2026-01-09,1449.4,1414.4647216796875,1439.618896484375,1465.192626953125,1434.9,15264,756,2.5543844591495772,amazon/chronos-2,0.5,1437.2594482421875,3.008544921875,1411.4561767578125,1439.618896484375,1468.201171875,out_of_calibration_2026_small_sample
2026-01-01,2025-12-31,1434.9,7,2026-01-12,1455.7,1411.625732421875,1439.934814453125,1466.7308349609375,1434.9,15264,756,2.5543844591495772,amazon/chronos-2,0.5,1437.4174072265623,3.008544921875,1408.6171875,1439.934814453125,1469.7393798828125,out_of_calibration_2026_small_sample
2026-01-01,2025-12-31,1434.9,8,2026-01-13,1464.1,1409.671142578125,1440.6712646484375,1469.4295654296875,1434.9,15264,756,2.5543844591495772,amazon/chronos-2,0.5,1437.7856323242188,3.008544921875,1406.66259765625,1440.6712646484375,1472.4381103515625,out_of_calibration_2026_small_sample
2026-01-01,2025-12-31,1434.9,9,2026-01-14,1472.8,1408.1976318359375,1440.6048583984375,1471.2918701171875,1434.9,15264,756,2.5543844591495772,amazon/chronos-2,0.5,1437.7524291992188,3.008544921875,1405.1890869140625,1440.6048583984375,1474.3004150390625,out_of_calibration_2026_small_sample
2026-01-01,2025-12-31,1434.9,10,2026-01-15,1477.5,1407.0247802734375,1440.6160888671875,1471.9490966796875,1434.9,15264,756,2.5543844591495772,amazon/chronos-2,0.5,1437.7580444335938,3.008544921875,1404.0162353515625,1440.6160888671875,1474.9576416015625,out_of_calibration_2026_small_sample
2026-01-01,2025-12-31,1434.9,11,2026-01-16,1469.7,1405.7042236328125,1440.7908935546875,1473.3480224609375,1434.9,15264,756,2.5543844591495772,amazon/chronos-2,0.5,1437.8454467773438,3.008544921875,1402.6956787109375,1440.7908935546875,1476.3565673828125,out_of_calibration_2026_small_sample
2026-01-01,2025-12-31,1434.9,12,2026-01-19,1473.5,1403.7774658203125,1440.90234375,1474.587890625,1434.9,15264,756,2.5543844591495772,amazon/chronos-2,0.5,1437.901171875,3.008544921875,1400.7689208984375,1440.90234375,1477.596435546875,out_of_calibration_2026_small_sample
2026-01-01,2025-12-31,1434.9,13,2026-01-20,1473.6,1402.3509521484375,1440.9810791015625,1475.5921630859375,1434.9,15264,756,2.5543844591495772,amazon/chronos-2,0.5,1437.9405395507813,3.008544921875,1399.3424072265625,1440.9810791015625,1478.6007080078125,out_of_calibration_2026_small_sample
2026-01-01,2025-12-31,1434.9,14,2026-01-21,1477.0,1402.4442138671875,1440.5487060546875,1475.5733642578125,1434.9,15264,756,2.5543844591495772,amazon/chronos-2,0.5,1437.7243530273438,3.008544921875,1399.4356689453125,1440.5487060546875,1478.5819091796875,out_of_calibration_2026_small_sample
2026-01-01,2025-12-31,1434.9,15,2026-01-22,1472.8,1400.916259765625,1441.5531005859375,1477.689453125,1434.9,15264,756,2.5543844591495772,amazon/chronos-2,0.5,1438.2265502929688,3.008544921875,1397.90771484375,1441.5531005859375,1480.697998046875,out_of_calibration_2026_small_sample
2026-01-01,2025-12-31,1434.9,16,2026-01-23,1468.4,1400.0452880859375,1442.421142578125,1479.2236328125,1434.9,15264,756,2.5543844591495772,amazon/chronos-2,0.5,1438.6605712890623,3.008544921875,1397.0367431640625,1442.421142578125,1482.232177734375,out_of_calibration_2026_small_sample
2026-01-01,2025-12-31,1434.9,17,2026-01-26,1467.2,1401.7242431640625,1442.1402587890625,1480.1455078125,1434.9,15264,756,2.5543844591495772,amazon/chronos-2,0.5,1438.5201293945313,3.008544921875,1398.7156982421875,1442.1402587890625,1483.154052734375,out_of_calibration_2026_small_sample
2026-01-01,2025-12-31,1434.9,18,2026-01-27,1442.8,1398.95166015625,1441.97509765625,1481.729736328125,1434.9,15264,756,2.5543844591495772,amazon/chronos-2,0.5,1438.437548828125,3.008544921875,1395.943115234375,1441.97509765625,1484.73828125,out_of_calibration_2026_small_sample
2026-01-01,2025-12-31,1434.9,19,2026-01-28,1448.8,1398.0780029296875,1442.1839599609375,1482.043701171875,1434.9,15264,756,2.5543844591495772,amazon/chronos-2,0.5,1438.5419799804688,3.008544921875,1395.0694580078125,1442.1839599609375,1485.05224609375,out_of_calibration_2026_small_sample
2026-01-01,2025-12-31,1434.9,20,2026-01-29,1428.6,1397.696044921875,1441.9398193359375,1484.4691162109375,1434.9,15264,756,2.5543844591495772,amazon/chronos-2,0.5,1438.4199096679688,3.008544921875,1394.6875,1441.9398193359375,1487.4776611328125,out_of_calibration_2026_small_sample
2026-02-01,2026-01-30,1427.0,1,2026-02-02,1436.7,1418.1988525390625,1428.6519775390625,1439.2962646484375,1427.0,15285,756,2.55885043182413,amazon/chronos-2,0.5,1427.8259887695312,3.008544921875,1415.1903076171875,1428.6519775390625,1442.3048095703125,out_of_calibration_2026_small_sample
2026-02-01,2026-01-30,1427.0,2,2026-02-03,1457.3,1413.8905029296875,1429.8563232421875,1445.673095703125,1427.0,15285,756,2.55885043182413,amazon/chronos-2,0.5,1428.4281616210938,3.008544921875,1410.8819580078125,1429.8563232421875,1448.681640625,out_of_calibration_2026_small_sample
2026-02-01,2026-01-30,1427.0,3,2026-02-04,1449.0,1410.643798828125,1430.3525390625,1449.6917724609375,1427.0,15285,756,2.55885043182413,amazon/chronos-2,0.5,1428.67626953125,3.008544921875,1407.63525390625,1430.3525390625,1452.7003173828125,out_of_calibration_2026_small_sample
2026-02-01,2026-01-30,1427.0,4,2026-02-05,1451.2,1408.1773681640625,1431.0693359375,1453.91259765625,1427.0,15285,756,2.55885043182413,amazon/chronos-2,0.5,1429.03466796875,3.008544921875,1405.1688232421875,1431.0693359375,1456.921142578125,out_of_calibration_2026_small_sample
2026-02-01,2026-01-30,1427.0,5,2026-02-06,1464.1,1406.146240234375,1431.7603759765625,1457.77783203125,1427.0,15285,756,2.55885043182413,amazon/chronos-2,0.5,1429.3801879882812,3.008544921875,1403.1376953125,1431.7603759765625,1460.786376953125,out_of_calibration_2026_small_sample
2026-02-01,2026-01-30,1427.0,6,2026-02-09,1470.3,1404.2359619140625,1432.071533203125,1459.438232421875,1427.0,15285,756,2.55885043182413,amazon/chronos-2,0.5,1429.5357666015625,3.008544921875,1401.2274169921875,1432.071533203125,1462.44677734375,out_of_calibration_2026_small_sample
2026-02-01,2026-01-30,1427.0,7,2026-02-10,1464.3,1401.1458740234375,1432.4569091796875,1461.2890625,1427.0,15285,756,2.55885043182413,amazon/chronos-2,0.5,1429.7284545898438,3.008544921875,1398.1373291015625,1432.4569091796875,1464.297607421875,out_of_calibration_2026_small_sample
2026-02-01,2026-01-30,1427.0,8,2026-02-11,1457.7,1399.2236328125,1433.66259765625,1464.688720703125,1427.0,15285,756,2.55885043182413,amazon/chronos-2,0.5,1430.331298828125,3.008544921875,1396.215087890625,1433.66259765625,1467.697265625,out_of_calibration_2026_small_sample
2026-02-01,2026-01-30,1427.0,9,2026-02-12,1454.4,1398.1129150390625,1433.6927490234375,1467.2769775390625,1427.0,15285,756,2.55885043182413,amazon/chronos-2,0.5,1430.3463745117188,3.008544921875,1395.1043701171875,1433.6927490234375,1470.2855224609375,out_of_calibration_2026_small_sample
2026-02-01,2026-01-30,1427.0,10,2026-02-13,1443.4,1396.1800537109375,1433.90966796875,1467.7369384765625,1427.0,15285,756,2.55885043182413,amazon/chronos-2,0.5,1430.454833984375,3.008544921875,1393.1715087890625,1433.90966796875,1470.7454833984375,out_of_calibration_2026_small_sample
2026-02-01,2026-01-30,1427.0,11,2026-02-19,1443.1,1394.5164794921875,1433.892822265625,1469.7425537109375,1427.0,15285,756,2.55885043182413,amazon/chronos-2,0.5,1430.4464111328125,3.008544921875,1391.5079345703125,1433.892822265625,1472.7510986328125,out_of_calibration_2026_small_sample
2026-02-01,2026-01-30,1427.0,12,2026-02-20,1450.7,1392.22900390625,1434.3997802734375,1471.3231201171875,1427.0,15285,756,2.55885043182413,amazon/chronos-2,0.5,1430.6998901367188,3.008544921875,1389.220458984375,1434.3997802734375,1474.3316650390625,out_of_calibration_2026_small_sample
2026-02-01,2026-01-30,1427.0,13,2026-02-23,1448.7,1391.6846923828125,1434.5869140625,1472.474609375,1427.0,15285,756,2.55885043182413,amazon/chronos-2,0.5,1430.79345703125,3.008544921875,1388.6761474609375,1434.5869140625,1475.483154296875,out_of_calibration_2026_small_sample
2026-02-01,2026-01-30,1427.0,14,2026-02-24,1442.0,1390.29248046875,1434.0301513671875,1473.402587890625,1427.0,15285,756,2.55885043182413,amazon/chronos-2,0.5,1430.5150756835938,3.008544921875,1387.283935546875,1434.0301513671875,1476.4111328125,out_of_calibration_2026_small_sample
2026-02-01,2026-01-30,1427.0,15,2026-02-25,1445.8,1389.6929931640625,1435.041748046875,1474.5396728515625,1427.0,15285,756,2.55885043182413,amazon/chronos-2,0.5,1431.0208740234375,3.008544921875,1386.6844482421875,1435.041748046875,1477.5482177734375,out_of_calibration_2026_small_sample
2026-02-01,2026-01-30,1427.0,16,2026-02-26,1435.3,1388.8463134765625,1435.262451171875,1475.2891845703125,1427.0,15285,756,2.55885043182413,amazon/chronos-2,0.5,1431.1312255859375,3.008544921875,1385.8377685546875,1435.262451171875,1478.2977294921875,out_of_calibration_2026_small_sample
2026-02-01,2026-01-30,1427.0,17,2026-02-27,1424.5,1390.168701171875,1436.918212890625,1474.40380859375,1427.0,15285,756,2.55885043182413,amazon/chronos-2,0.5,1431.9591064453125,3.008544921875,1387.16015625,1436.918212890625,1477.412353515625,out_of_calibration_2026_small_sample
2026-02-01,2026-01-30,1427.0,18,2026-03-03,1435.4,1387.9720458984375,1436.4764404296875,1476.118896484375,1427.0,15285,756,2.55885043182413,amazon/chronos-2,0.5,1431.7382202148438,3.008544921875,1384.9635009765625,1436.4764404296875,1479.12744140625,out_of_calibration_2026_small_sample
2026-02-01,2026-01-30,1427.0,19,2026-03-04,1464.5,1387.00634765625,1436.77734375,1475.7769775390625,1427.0,15285,756,2.55885043182413,amazon/chronos-2,0.5,1431.888671875,3.008544921875,1383.997802734375,1436.77734375,1478.7855224609375,out_of_calibration_2026_small_sample
2026-02-01,2026-01-30,1427.0,20,2026-03-05,1478.8,1386.4495849609375,1436.4442138671875,1477.524658203125,1427.0,15285,756,2.55885043182413,amazon/chronos-2,0.5,1431.7221069335938,3.008544921875,1383.4410400390625,1436.4442138671875,1480.533203125,out_of_calibration_2026_small_sample
2026-03-01,2026-02-27,1424.5,1,2026-03-03,1435.4,1415.4542236328125,1424.882080078125,1434.2655029296875,1424.5,15302,756,2.5644055944055943,amazon/chronos-2,0.5,1424.6910400390625,3.008544921875,1412.4456787109375,1424.882080078125,1437.2740478515625,out_of_calibration_2026_small_sample
2026-03-01,2026-02-27,1424.5,2,2026-03-04,1464.5,1412.2542724609375,1425.75244140625,1439.625732421875,1424.5,15302,756,2.5644055944055943,amazon/chronos-2,0.5,1425.126220703125,3.008544921875,1409.2457275390625,1425.75244140625,1442.63427734375,out_of_calibration_2026_small_sample
2026-03-01,2026-02-27,1424.5,3,2026-03-05,1478.8,1408.85693359375,1426.0576171875,1442.9521484375,1424.5,15302,756,2.5644055944055943,amazon/chronos-2,0.5,1425.27880859375,3.008544921875,1405.848388671875,1426.0576171875,1445.960693359375,out_of_calibration_2026_small_sample
2026-03-01,2026-02-27,1424.5,4,2026-03-06,1464.3,1406.5037841796875,1426.1580810546875,1445.9991455078125,1424.5,15302,756,2.5644055944055943,amazon/chronos-2,0.5,1425.3290405273438,3.008544921875,1403.4952392578125,1426.1580810546875,1449.0076904296875,out_of_calibration_2026_small_sample
2026-03-01,2026-02-27,1424.5,5,2026-03-09,1474.5,1404.1124267578125,1426.26171875,1449.430908203125,1424.5,15302,756,2.5644055944055943,amazon/chronos-2,0.5,1425.380859375,3.008544921875,1401.1038818359375,1426.26171875,1452.439453125,out_of_calibration_2026_small_sample
2026-03-01,2026-02-27,1424.5,6,2026-03-10,1493.1,1402.119140625,1426.3524169921875,1450.465087890625,1424.5,15302,756,2.5644055944055943,amazon/chronos-2,0.5,1425.4262084960938,3.008544921875,1399.110595703125,1426.3524169921875,1453.4736328125,out_of_calibration_2026_small_sample
2026-03-01,2026-02-27,1424.5,7,2026-03-11,1472.8,1400.0791015625,1426.887451171875,1451.6796875,1424.5,15302,756,2.5644055944055943,amazon/chronos-2,0.5,1425.6937255859375,3.008544921875,1397.070556640625,1426.887451171875,1454.688232421875,out_of_calibration_2026_small_sample
2026-03-01,2026-02-27,1424.5,8,2026-03-12,1467.3,1398.393310546875,1427.46923828125,1454.5899658203125,1424.5,15302,756,2.5644055944055943,amazon/chronos-2,0.5,1425.984619140625,3.008544921875,1395.384765625,1427.46923828125,1457.5985107421875,out_of_calibration_2026_small_sample
2026-03-01,2026-02-27,1424.5,9,2026-03-13,1479.8,1397.101318359375,1427.54931640625,1456.7081298828125,1424.5,15302,756,2.5644055944055943,amazon/chronos-2,0.5,1426.024658203125,3.008544921875,1394.0927734375,1427.54931640625,1459.7166748046875,out_of_calibration_2026_small_sample
2026-03-01,2026-02-27,1424.5,10,2026-03-16,1489.5,1395.1082763671875,1427.435546875,1458.08447265625,1424.5,15302,756,2.5644055944055943,amazon/chronos-2,0.5,1425.9677734375,3.008544921875,1392.0997314453125,1427.435546875,1461.093017578125,out_of_calibration_2026_small_sample
2026-03-01,2026-02-27,1424.5,11,2026-03-17,1496.0,1393.686279296875,1427.5028076171875,1459.87060546875,1424.5,15302,756,2.5644055944055943,amazon/chronos-2,0.5,1426.0014038085938,3.008544921875,1390.677734375,1427.5028076171875,1462.879150390625,out_of_calibration_2026_small_sample
2026-03-01,2026-02-27,1424.5,12,2026-03-18,1491.6,1392.2587890625,1427.6339111328125,1460.847412109375,1424.5,15302,756,2.5644055944055943,amazon/chronos-2,0.5,1426.0669555664062,3.008544921875,1389.250244140625,1427.6339111328125,1463.85595703125,out_of_calibration_2026_small_sample
2026-03-01,2026-02-27,1424.5,13,2026-03-19,1486.0,1391.191162109375,1428.0743408203125,1461.382080078125,1424.5,15302,756,2.5644055944055943,amazon/chronos-2,0.5,1426.2871704101562,3.008544921875,1388.1826171875,1428.0743408203125,1464.390625,out_of_calibration_2026_small_sample
2026-03-01,2026-02-27,1424.5,14,2026-03-20,1499.7,1390.375,1427.746337890625,1463.1854248046875,1424.5,15302,756,2.5644055944055943,amazon/chronos-2,0.5,1426.1231689453125,3.008544921875,1387.366455078125,1427.746337890625,1466.1939697265625,out_of_calibration_2026_small_sample
2026-03-01,2026-02-27,1424.5,15,2026-03-23,1494.9,1389.1392822265625,1428.374755859375,1463.9732666015625,1424.5,15302,756,2.5644055944055943,amazon/chronos-2,0.5,1426.4373779296875,3.008544921875,1386.1307373046875,1428.374755859375,1466.9818115234375,out_of_calibration_2026_small_sample
2026-03-01,2026-02-27,1424.5,16,2026-03-24,1509.6,1387.83447265625,1428.37939453125,1465.2647705078125,1424.5,15302,756,2.5644055944055943,amazon/chronos-2,0.5,1426.439697265625,3.008544921875,1384.825927734375,1428.37939453125,1468.2733154296875,out_of_calibration_2026_small_sample
2026-03-01,2026-02-27,1424.5,17,2026-03-25,1498.3,1388.40673828125,1429.4696044921875,1465.137939453125,1424.5,15302,756,2.5644055944055943,amazon/chronos-2,0.5,1426.9848022460938,3.008544921875,1385.398193359375,1429.4696044921875,1468.146484375,out_of_calibration_2026_small_sample
2026-03-01,2026-02-27,1424.5,18,2026-03-26,1495.6,1386.4439697265625,1429.289794921875,1467.06787109375,1424.5,15302,756,2.5644055944055943,amazon/chronos-2,0.5,1426.8948974609375,3.008544921875,1383.4354248046875,1429.289794921875,1470.076416015625,out_of_calibration_2026_small_sample
2026-03-01,2026-02-27,1424.5,19,2026-03-27,1506.2,1385.5657958984375,1429.5877685546875,1467.9854736328125,1424.5,15302,756,2.5644055944055943,amazon/chronos-2,0.5,1427.0438842773438,3.008544921875,1382.5572509765625,1429.5877685546875,1470.9940185546875,out_of_calibration_2026_small_sample
2026-03-01,2026-02-27,1424.5,20,2026-03-30,1508.1,1385.156982421875,1429.6707763671875,1470.1983642578125,1424.5,15302,756,2.5644055944055943,amazon/chronos-2,0.5,1427.0853881835938,3.008544921875,1382.1484375,1429.6707763671875,1473.2069091796875,out_of_calibration_2026_small_sample
2026-04-01,2026-04-01,1530.5,1,2026-04-02,1507.8,1512.146240234375,1527.8150634765625,1543.28955078125,1530.5,15324,756,2.576660575605299,amazon/chronos-2,0.5,1529.1575317382812,3.008544921875,1509.1376953125,1527.8150634765625,1546.298095703125,out_of_calibration_2026_small_sample
2026-04-01,2026-04-01,1530.5,2,2026-04-03,1518.8,1511.4228515625,1528.43505859375,1545.3248291015625,1530.5,15324,756,2.576660575605299,amazon/chronos-2,0.5,1529.467529296875,3.008544921875,1508.414306640625,1528.43505859375,1548.3333740234375,out_of_calibration_2026_small_sample
2026-04-01,2026-04-01,1530.5,3,2026-04-06,1507.6,1506.5015869140625,1527.7484130859375,1547.287109375,1530.5,15324,756,2.576660575605299,amazon/chronos-2,0.5,1529.1242065429688,3.008544921875,1503.4930419921875,1527.7484130859375,1550.295654296875,out_of_calibration_2026_small_sample
2026-04-01,2026-04-01,1530.5,4,2026-04-07,1507.2,1506.114990234375,1527.563720703125,1549.2462158203125,1530.5,15324,756,2.576660575605299,amazon/chronos-2,0.5,1529.0318603515625,3.008544921875,1503.1064453125,1527.563720703125,1552.2547607421875,out_of_calibration_2026_small_sample
2026-04-01,2026-04-01,1530.5,5,2026-04-08,1506.8,1503.82861328125,1527.8216552734375,1551.1298828125,1530.5,15324,756,2.576660575605299,amazon/chronos-2,0.5,1529.1608276367188,3.008544921875,1500.820068359375,1527.8216552734375,1554.138427734375,out_of_calibration_2026_small_sample
2026-04-01,2026-04-01,1530.5,6,2026-04-09,1476.1,1501.44677734375,1527.2493896484375,1552.9296875,1530.5,15324,756,2.576660575605299,amazon/chronos-2,0.5,1528.8746948242188,3.008544921875,1498.438232421875,1527.2493896484375,1555.938232421875,out_of_calibration_2026_small_sample
2026-04-01,2026-04-01,1530.5,7,2026-04-10,1481.1,1501.7923583984375,1528.341064453125,1555.489501953125,1530.5,15324,756,2.576660575605299,amazon/chronos-2,0.5,1529.4205322265625,3.008544921875,1498.7838134765625,1528.341064453125,1558.498046875,out_of_calibration_2026_small_sample
2026-04-01,2026-04-01,1530.5,8,2026-04-13,1479.8,1500.447509765625,1528.87744140625,1558.5762939453125,1530.5,15324,756,2.576660575605299,amazon/chronos-2,0.5,1529.688720703125,3.008544921875,1497.43896484375,1528.87744140625,1561.5848388671875,out_of_calibration_2026_small_sample
2026-04-01,2026-04-01,1530.5,9,2026-04-14,1489.8,1500.1771240234375,1530.159423828125,1560.7877197265625,1530.5,15324,756,2.576660575605299,amazon/chronos-2,0.5,1530.3297119140625,3.008544921875,1497.1685791015625,1530.159423828125,1563.7962646484375,out_of_calibration_2026_small_sample
2026-04-01,2026-04-01,1530.5,10,2026-04-15,1481.4,1499.722412109375,1530.4801025390625,1563.181396484375,1530.5,15324,756,2.576660575605299,amazon/chronos-2,0.5,1530.4900512695312,3.008544921875,1496.7138671875,1530.4801025390625,1566.18994140625,out_of_calibration_2026_small_sample
2026-04-01,2026-04-01,1530.5,11,2026-04-16,1473.1,1499.0753173828125,1531.19140625,1564.7464599609375,1530.5,15324,756,2.576660575605299,amazon/chronos-2,0.5,1530.845703125,3.008544921875,1496.0667724609375,1531.19140625,1567.7550048828125,out_of_calibration_2026_small_sample
2026-04-01,2026-04-01,1530.5,12,2026-04-17,1472.6,1497.6005859375,1531.3057861328125,1566.3779296875,1530.5,15324,756,2.576660575605299,amazon/chronos-2,0.5,1530.9028930664062,3.008544921875,1494.592041015625,1531.3057861328125,1569.386474609375,out_of_calibration_2026_small_sample
2026-04-01,2026-04-01,1530.5,13,2026-04-20,1480.0,1496.097412109375,1530.2293701171875,1567.68359375,1530.5,15324,756,2.576660575605299,amazon/chronos-2,0.5,1530.3646850585938,3.008544921875,1493.0888671875,1530.2293701171875,1570.692138671875,out_of_calibration_2026_small_sample
2026-04-01,2026-04-01,1530.5,14,2026-04-21,1475.6,1494.6715087890625,1532.0322265625,1567.7396240234375,1530.5,15324,756,2.576660575605299,amazon/chronos-2,0.5,1531.26611328125,3.008544921875,1491.6629638671875,1532.0322265625,1570.7481689453125,out_of_calibration_2026_small_sample
2026-04-01,2026-04-01,1530.5,15,2026-04-22,1470.8,1495.413330078125,1532.913330078125,1570.7890625,1530.5,15324,756,2.576660575605299,amazon/chronos-2,0.5,1531.7066650390625,3.008544921875,1492.40478515625,1532.913330078125,1573.797607421875,out_of_calibration_2026_small_sample
2026-04-01,2026-04-01,1530.5,16,2026-04-23,1477.6,1494.576171875,1531.8201904296875,1572.42626953125,1530.5,15324,756,2.576660575605299,amazon/chronos-2,0.5,1531.1600952148438,3.008544921875,1491.567626953125,1531.8201904296875,1575.434814453125,out_of_calibration_2026_small_sample
2026-04-01,2026-04-01,1530.5,17,2026-04-24,1480.6,1493.0916748046875,1531.5953369140625,1572.302001953125,1530.5,15324,756,2.576660575605299,amazon/chronos-2,0.5,1531.0476684570312,3.008544921875,1490.0831298828125,1531.5953369140625,1575.310546875,out_of_calibration_2026_small_sample
2026-04-01,2026-04-01,1530.5,18,2026-04-27,1482.9,1492.630126953125,1531.5728759765625,1573.6787109375,1530.5,15324,756,2.576660575605299,amazon/chronos-2,0.5,1531.0364379882812,3.008544921875,1489.62158203125,1531.5728759765625,1576.687255859375,out_of_calibration_2026_small_sample
2026-04-01,2026-04-01,1530.5,19,2026-04-28,1473.1,1489.816650390625,1531.4111328125,1575.6104736328125,1530.5,15324,756,2.576660575605299,amazon/chronos-2,0.5,1530.95556640625,3.008544921875,1486.80810546875,1531.4111328125,1578.6190185546875,out_of_calibration_2026_small_sample
2026-04-01,2026-04-01,1530.5,20,2026-04-29,1473.3,1489.4271240234375,1531.4580078125,1578.2052001953125,1530.5,15324,756,2.576660575605299,amazon/chronos-2,0.5,1530.97900390625,3.008544921875,1486.4185791015625,1531.4580078125,1581.2137451171875,out_of_calibration_2026_small_sample
2026-05-01,2026-04-30,1476.1,1,2026-05-04,1484.8,1463.9158935546875,1475.033203125,1484.6407470703125,1476.1,15345,756,2.5830011730969757,amazon/chronos-2,0.5,1475.5666015625,3.008544921875,1460.9073486328125,1475.033203125,1487.6492919921875,out_of_calibration_2026_small_sample
2026-05-01,2026-04-30,1476.1,2,2026-05-06,1470.5,1460.25634765625,1474.99267578125,1488.6727294921875,1476.1,15345,756,2.5830011730969757,amazon/chronos-2,0.5,1475.546337890625,3.008544921875,1457.247802734375,1474.99267578125,1491.6812744140625,out_of_calibration_2026_small_sample
2026-05-01,2026-04-30,1476.1,3,2026-05-07,1456.8,1456.59765625,1474.98291015625,1492.1048583984375,1476.1,15345,756,2.5830011730969757,amazon/chronos-2,0.5,1475.541455078125,3.008544921875,1453.589111328125,1474.98291015625,1495.1134033203125,out_of_calibration_2026_small_sample
2026-05-01,2026-04-30,1476.1,4,2026-05-08,1450.8,1456.1021728515625,1475.0743408203125,1494.8387451171875,1476.1,15345,756,2.5830011730969757,amazon/chronos-2,0.5,1475.5871704101562,3.008544921875,1453.0936279296875,1475.0743408203125,1497.8472900390625,out_of_calibration_2026_small_sample
2026-05-01,2026-04-30,1476.1,5,2026-05-11,1466.0,1453.8868408203125,1475.625732421875,1497.7734375,1476.1,15345,756,2.5830011730969757,amazon/chronos-2,0.5,1475.8628662109377,3.008544921875,1450.8782958984375,1475.625732421875,1500.781982421875,out_of_calibration_2026_small_sample
2026-05-01,2026-04-30,1476.1,6,2026-05-12,1473.0,1451.98876953125,1475.3037109375,1499.792236328125,1476.1,15345,756,2.5830011730969757,amazon/chronos-2,0.5,1475.70185546875,3.008544921875,1448.980224609375,1475.3037109375,1502.80078125,out_of_calibration_2026_small_sample
2026-05-01,2026-04-30,1476.1,7,2026-05-13,1484.3,1450.8662109375,1476.12158203125,1502.460693359375,1476.1,15345,756,2.5830011730969757,amazon/chronos-2,0.5,1476.110791015625,3.008544921875,1447.857666015625,1476.12158203125,1505.46923828125,out_of_calibration_2026_small_sample
2026-05-01,2026-04-30,1476.1,8,2026-05-14,1495.1,1449.5380859375,1476.4119873046875,1504.179443359375,1476.1,15345,756,2.5830011730969757,amazon/chronos-2,0.5,1476.2559936523437,3.008544921875,1446.529541015625,1476.4119873046875,1507.18798828125,out_of_calibration_2026_small_sample
2026-05-01,2026-04-30,1476.1,9,2026-05-15,1491.8,1446.94775390625,1477.072021484375,1506.8848876953125,1476.1,15345,756,2.5830011730969757,amazon/chronos-2,0.5,1476.5860107421877,3.008544921875,1443.939208984375,1477.072021484375,1509.8934326171875,out_of_calibration_2026_small_sample
2026-05-01,2026-04-30,1476.1,10,2026-05-18,1499.8,1446.0787353515625,1477.03271484375,1507.53173828125,1476.1,15345,756,2.5830011730969757,amazon/chronos-2,0.5,1476.566357421875,3.008544921875,1443.0701904296875,1477.03271484375,1510.540283203125,out_of_calibration_2026_small_sample
2026-05-01,2026-04-30,1476.1,11,2026-05-19,1503.4,1442.621337890625,1477.2154541015625,1509.6590576171875,1476.1,15345,756,2.5830011730969757,amazon/chronos-2,0.5,1476.6577270507812,3.008544921875,1439.61279296875,1477.2154541015625,1512.6676025390625,out_of_calibration_2026_small_sample
2026-05-01,2026-04-30,1476.1,12,2026-05-20,1503.8,1441.720703125,1477.122314453125,1511.628662109375,1476.1,15345,756,2.5830011730969757,amazon/chronos-2,0.5,1476.6111572265625,3.008544921875,1438.712158203125,1477.122314453125,1514.63720703125,out_of_calibration_2026_small_sample
2026-05-01,2026-04-30,1476.1,13,2026-05-21,1509.7,1439.6024169921875,1476.7840576171875,1513.17724609375,1476.1,15345,756,2.5830011730969757,amazon/chronos-2,0.5,1476.4420288085937,3.008544921875,1436.5938720703125,1476.7840576171875,1516.185791015625,out_of_calibration_2026_small_sample
2026-05-01,2026-04-30,1476.1,14,2026-05-22,1503.5,1437.897705078125,1477.37109375,1513.0616455078125,1476.1,15345,756,2.5830011730969757,amazon/chronos-2,0.5,1476.735546875,3.008544921875,1434.88916015625,1477.37109375,1516.0701904296875,out_of_calibration_2026_small_sample
2026-05-01,2026-04-30,1476.1,15,2026-05-26,1513.3,1437.1619873046875,1477.794921875,1514.7530517578125,1476.1,15345,756,2.5830011730969757,amazon/chronos-2,0.5,1476.9474609375,3.008544921875,1434.1534423828125,1477.794921875,1517.7615966796875,out_of_calibration_2026_small_sample
2026-05-01,2026-04-30,1476.1,16,2026-05-27,1507.9,1434.7059326171875,1476.8197021484375,1515.451904296875,1476.1,15345,756,2.5830011730969757,amazon/chronos-2,0.5,1476.4598510742187,3.008544921875,1431.6973876953125,1476.8197021484375,1518.46044921875,out_of_calibration_2026_small_sample
2026-05-01,2026-04-30,1476.1,17,2026-05-28,1501.6,1436.4271240234375,1478.5125732421875,1518.500732421875,1476.1,15345,756,2.5830011730969757,amazon/chronos-2,0.5,1477.3062866210937,3.008544921875,1433.4185791015625,1478.5125732421875,1521.50927734375,out_of_calibration_2026_small_sample
2026-05-01,2026-04-30,1476.1,18,2026-05-29,1505.8,1433.8018798828125,1477.936279296875,1519.32470703125,1476.1,15345,756,2.5830011730969757,amazon/chronos-2,0.5,1477.0181396484377,3.008544921875,1430.7933349609375,1477.936279296875,1522.333251953125,out_of_calibration_2026_small_sample
2026-05-01,2026-04-30,1476.1,19,2026-06-01,1503.2,1432.49267578125,1477.9130859375,1520.173583984375,1476.1,15345,756,2.5830011730969757,amazon/chronos-2,0.5,1477.00654296875,3.008544921875,1429.484130859375,1477.9130859375,1523.18212890625,out_of_calibration_2026_small_sample
2026-05-01,2026-04-30,1476.1,20,2026-06-02,1511.3,1431.9381103515625,1477.70068359375,1523.2740478515625,1476.1,15345,756,2.5830011730969757,amazon/chronos-2,0.5,1476.900341796875,3.008544921875,1428.9295654296875,1477.70068359375,1526.2825927734375,out_of_calibration_2026_small_sample
2026-06-01,2026-06-01,1503.2,1,2026-06-02,1511.3,1491.92724609375,1503.8946533203125,1515.1246337890625,1503.2,15364,756,2.589095228796459,amazon/chronos-2,0.5,1503.5473266601562,3.008544921875,1488.918701171875,1503.8946533203125,1518.1331787109375,out_of_calibration_2026_small_sample
2026-06-01,2026-06-01,1503.2,2,2026-06-04,1515.6,1489.211669921875,1504.0301513671875,1518.1480712890625,1503.2,15364,756,2.589095228796459,amazon/chronos-2,0.5,1503.6150756835937,3.008544921875,1486.203125,1504.0301513671875,1521.1566162109375,out_of_calibration_2026_small_sample
2026-06-01,2026-06-01,1503.2,3,2026-06-05,1528.6,1485.44677734375,1504.1324462890625,1521.2109375,1503.2,15364,756,2.589095228796459,amazon/chronos-2,0.5,1503.6662231445312,3.008544921875,1482.438232421875,1504.1324462890625,1524.219482421875,out_of_calibration_2026_small_sample
2026-06-01,2026-06-01,1503.2,4,2026-06-08,1543.0,1484.9481201171875,1504.2109375,1523.8577880859375,1503.2,15364,756,2.589095228796459,amazon/chronos-2,0.5,1503.70546875,3.008544921875,1481.9395751953125,1504.2109375,1526.8663330078125,out_of_calibration_2026_small_sample
2026-06-01,2026-06-01,1503.2,5,2026-06-09,1546.5,1482.6651611328125,1504.69775390625,1526.9146728515625,1503.2,15364,756,2.589095228796459,amazon/chronos-2,0.5,1503.948876953125,3.008544921875,1479.6566162109375,1504.69775390625,1529.9232177734375,out_of_calibration_2026_small_sample
2026-06-01,2026-06-01,1503.2,6,2026-06-10,1518.4,1480.7247314453125,1504.511962890625,1528.8267822265625,1503.2,15364,756,2.589095228796459,amazon/chronos-2,0.5,1503.8559814453124,3.008544921875,1477.7161865234375,1504.511962890625,1531.8353271484375,out_of_calibration_2026_small_sample
2026-06-01,2026-06-01,1503.2,7,2026-06-11,1522.4,1480.1776123046875,1505.3157958984375,1531.369873046875,1503.2,15364,756,2.589095228796459,amazon/chronos-2,0.5,1504.257897949219,3.008544921875,1477.1690673828125,1505.3157958984375,1534.37841796875,out_of_calibration_2026_small_sample
2026-06-01,2026-06-01,1503.2,8,2026-06-12,1527.0,1478.81689453125,1505.8411865234375,1533.9083251953125,1503.2,15364,756,2.589095228796459,amazon/chronos-2,0.5,1504.520593261719,3.008544921875,1475.808349609375,1505.8411865234375,1536.9168701171875,out_of_calibration_2026_small_sample
2026-06-01,2026-06-01,1503.2,9,2026-06-15,1520.4,1477.41259765625,1506.84619140625,1536.31396484375,1503.2,15364,756,2.589095228796459,amazon/chronos-2,0.5,1505.023095703125,3.008544921875,1474.404052734375,1506.84619140625,1539.322509765625,out_of_calibration_2026_small_sample
2026-06-01,2026-06-01,1503.2,10,2026-06-16,1510.0,1476.9622802734375,1507.2005615234375,1537.5772705078125,1503.2,15364,756,2.589095228796459,amazon/chronos-2,0.5,1505.200280761719,3.008544921875,1473.9537353515625,1507.2005615234375,1540.5858154296875,out_of_calibration_2026_small_sample
2026-06-01,2026-06-01,1503.2,11,2026-06-17,1513.5,1474.54931640625,1507.45361328125,1540.0902099609375,1503.2,15364,756,2.589095228796459,amazon/chronos-2,0.5,1505.326806640625,3.008544921875,1471.540771484375,1507.45361328125,1543.0987548828125,out_of_calibration_2026_small_sample
2026-06-01,2026-06-01,1503.2,12,2026-06-18,1512.8,1474.8531494140625,1507.5150146484375,1541.0911865234375,1503.2,15364,756,2.589095228796459,amazon/chronos-2,0.5,1505.357507324219,3.008544921875,1471.8446044921875,1507.5150146484375,1544.0997314453125,out_of_calibration_2026_small_sample
2026-06-01,2026-06-01,1503.2,13,2026-06-19,1523.4,1473.585693359375,1506.9732666015625,1542.862060546875,1503.2,15364,756,2.589095228796459,amazon/chronos-2,0.5,1505.0866333007812,3.008544921875,1470.5771484375,1506.9732666015625,1545.87060546875,out_of_calibration_2026_small_sample
2026-06-01,2026-06-01,1503.2,14,2026-06-22,1535.0,1470.2945556640625,1508.16845703125,1542.393798828125,1503.2,15364,756,2.589095228796459,amazon/chronos-2,0.5,1505.684228515625,3.008544921875,1467.2860107421875,1508.16845703125,1545.40234375,out_of_calibration_2026_small_sample
2026-06-01,2026-06-01,1503.2,15,2026-06-23,1535.7,1470.27783203125,1509.1451416015625,1544.7855224609375,1503.2,15364,756,2.589095228796459,amazon/chronos-2,0.5,1506.1725708007812,3.008544921875,1467.269287109375,1509.1451416015625,1547.7940673828125,out_of_calibration_2026_small_sample
2026-06-01,2026-06-01,1503.2,16,2026-06-24,1537.2,1467.6007080078125,1507.31884765625,1546.2481689453125,1503.2,15364,756,2.589095228796459,amazon/chronos-2,0.5,1505.259423828125,3.008544921875,1464.5921630859375,1507.31884765625,1549.2567138671875,out_of_calibration_2026_small_sample
2026-06-01,2026-06-01,1503.2,17,2026-06-25,1538.3,1465.5499267578125,1509.39111328125,1550.505859375,1503.2,15364,756,2.589095228796459,amazon/chronos-2,0.5,1506.295556640625,3.008544921875,1462.5413818359375,1509.39111328125,1553.514404296875,out_of_calibration_2026_small_sample
2026-06-01,2026-06-01,1503.2,18,2026-06-26,1545.3,1463.3751220703125,1508.6422119140625,1550.6761474609375,1503.2,15364,756,2.589095228796459,amazon/chronos-2,0.5,1505.9211059570312,3.008544921875,1460.3665771484375,1508.6422119140625,1553.6846923828125,out_of_calibration_2026_small_sample
2026-06-01,2026-06-01,1503.2,19,2026-06-29,1544.2,1463.0220947265625,1508.8548583984375,1552.605224609375,1503.2,15364,756,2.589095228796459,amazon/chronos-2,0.5,1506.027429199219,3.008544921875,1460.0135498046875,1508.8548583984375,1555.61376953125,out_of_calibration_2026_small_sample
2026-06-01,2026-06-01,1503.2,20,2026-06-30,1541.5,1462.9576416015625,1508.7017822265625,1554.5286865234375,1503.2,15364,756,2.589095228796459,amazon/chronos-2,0.5,1505.9508911132812,3.008544921875,1459.9490966796875,1508.7017822265625,1557.5372314453125,out_of_calibration_2026_small_sample
2026-07-01,2026-07-01,1548.4,1,2026-07-02,1554.4,1533.7757568359375,1546.729248046875,1559.2584228515625,1548.4,15385,756,2.594947347893916,amazon/chronos-2,0.5,1547.5646240234375,3.008544921875,1530.7672119140625,1546.729248046875,1562.2669677734375,out_of_calibration_2026_small_sample
2026-07-01,2026-07-01,1548.4,2,2026-07-03,1554.1,1532.0440673828125,1547.2681884765625,1560.8814697265625,1548.4,15385,756,2.594947347893916,amazon/chronos-2,0.5,1547.8340942382813,3.008544921875,1529.0355224609375,1547.2681884765625,1563.8900146484375,out_of_calibration_2026_small_sample
2026-07-01,2026-07-01,1548.4,3,2026-07-06,1539.7,1529.18505859375,1547.681396484375,1563.527099609375,1548.4,15385,756,2.594947347893916,amazon/chronos-2,0.5,1548.0406982421875,3.008544921875,1526.176513671875,1547.681396484375,1566.53564453125,out_of_calibration_2026_small_sample
2026-07-01,2026-07-01,1548.4,4,2026-07-07,1531.8,1528.80224609375,1547.65625,1565.8084716796875,1548.4,15385,756,2.594947347893916,amazon/chronos-2,0.5,1548.028125,3.008544921875,1525.793701171875,1547.65625,1568.8170166015625,out_of_calibration_2026_small_sample
2026-07-01,2026-07-01,1548.4,5,2026-07-08,1526.6,1525.5760498046875,1547.614013671875,1567.689453125,1548.4,15385,756,2.594947347893916,amazon/chronos-2,0.5,1548.0070068359375,3.008544921875,1522.5675048828125,1547.614013671875,1570.697998046875,out_of_calibration_2026_small_sample
2026-07-01,2026-07-01,1548.4,6,2026-07-09,1509.9,1524.0830078125,1546.961181640625,1569.297119140625,1548.4,15385,756,2.594947347893916,amazon/chronos-2,0.5,1547.6805908203123,3.008544921875,1521.074462890625,1546.961181640625,1572.3056640625,out_of_calibration_2026_small_sample
2026-07-01,2026-07-01,1548.4,7,2026-07-10,1504.2,1523.4132080078125,1547.9019775390625,1571.6953125,1548.4,15385,756,2.594947347893916,amazon/chronos-2,0.5,1548.1509887695313,3.008544921875,1520.4046630859375,1547.9019775390625,1574.703857421875,out_of_calibration_2026_small_sample
2026-07-01,2026-07-01,1548.4,8,2026-07-13,1507.1,1521.563720703125,1548.3416748046875,1574.5828857421875,1548.4,15385,756,2.594947347893916,amazon/chronos-2,0.5,1548.3708374023438,3.008544921875,1518.55517578125,1548.3416748046875,1577.5914306640625,out_of_calibration_2026_small_sample
2026-07-01,2026-07-01,1548.4,9,2026-07-14,1504.9,1522.0838623046875,1549.7889404296875,1577.0313720703125,1548.4,15385,756,2.594947347893916,amazon/chronos-2,0.5,1549.0944702148438,3.008544921875,1519.0753173828125,1549.7889404296875,1580.0399169921875,out_of_calibration_2026_small_sample
2026-07-01,2026-07-01,1548.4,10,2026-07-15,1492.2,1520.762939453125,1549.883544921875,1578.57080078125,1548.4,15385,756,2.594947347893916,amazon/chronos-2,0.5,1549.1417724609375,3.008544921875,1517.75439453125,1549.883544921875,1581.579345703125,out_of_calibration_2026_small_sample
2026-07-01,2026-07-01,1548.4,11,2026-07-16,1488.8,1520.4617919921875,1550.4371337890625,1580.898681640625,1548.4,15385,756,2.594947347893916,amazon/chronos-2,0.5,1549.4185668945313,3.008544921875,1517.4532470703125,1550.4371337890625,1583.9072265625,out_of_calibration_2026_small_sample
2026-07-01,2026-07-01,1548.4,12,2026-07-20,1484.3,1518.2467041015625,1550.3482666015625,1581.881591796875,1548.4,15385,756,2.594947347893916,amazon/chronos-2,0.5,1549.3741333007813,3.008544921875,1515.2381591796875,1550.3482666015625,1584.89013671875,out_of_calibration_2026_small_sample
2026-07-01,2026-07-01,1548.4,13,2026-07-21,1482.0,1516.35205078125,1549.0216064453125,1583.171875,1548.4,15385,756,2.594947347893916,amazon/chronos-2,0.5,1548.7108032226563,3.008544921875,1513.343505859375,1549.0216064453125,1586.180419921875,out_of_calibration_2026_small_sample
2026-07-01,2026-07-01,1548.4,14,2026-07-22,1475.6,1514.7984619140625,1550.53759765625,1582.798828125,1548.4,15385,756,2.594947347893916,amazon/chronos-2,0.5,1549.468798828125,3.008544921875,1511.7899169921875,1550.53759765625,1585.807373046875,out_of_calibration_2026_small_sample
2026-07-01,2026-07-01,1548.4,15,2026-07-23,1480.9,1515.1290283203125,1551.760498046875,1585.8905029296875,1548.4,15385,756,2.594947347893916,amazon/chronos-2,0.5,1550.0802490234375,3.008544921875,1512.1204833984375,1551.760498046875,1588.8990478515625,out_of_calibration_2026_small_sample
2026-07-01,2026-07-01,1548.4,16,2026-07-24,1469.4,1515.5604248046875,1550.800048828125,1588.1864013671875,1548.4,15385,756,2.594947347893916,amazon/chronos-2,0.5,1549.6000244140623,3.008544921875,1512.5518798828125,1550.800048828125,1591.1949462890625,out_of_calibration_2026_small_sample
2026-07-01,2026-07-01,1548.4,17,2026-07-27,1466.3,1512.62548828125,1551.11328125,1589.4375,1548.4,15385,756,2.594947347893916,amazon/chronos-2,0.5,1549.756640625,3.008544921875,1509.616943359375,1551.11328125,1592.446044921875,out_of_calibration_2026_small_sample
2026-07-01,2026-07-01,1548.4,18,2026-07-28,1465.4,1512.29150390625,1550.8974609375,1590.7109375,1548.4,15385,756,2.594947347893916,amazon/chronos-2,0.5,1549.64873046875,3.008544921875,1509.282958984375,1550.8974609375,1593.719482421875,out_of_calibration_2026_small_sample
2026-07-01,2026-07-01,1548.4,19,2026-07-29,1466.2,1509.156982421875,1551.1749267578125,1593.0230712890625,1548.4,15385,756,2.594947347893916,amazon/chronos-2,0.5,1549.7874633789063,3.008544921875,1506.1484375,1551.1749267578125,1596.0316162109375,out_of_calibration_2026_small_sample
2026-07-01,2026-07-01,1548.4,20,2026-07-30,1450.1,1508.36328125,1551.44970703125,1595.554443359375,1548.4,15385,756,2.594947347893916,amazon/chronos-2,0.5,1549.924853515625,3.008544921875,1505.354736328125,1551.44970703125,1598.56298828125,out_of_calibration_2026_small_sample
