forecast_step,rows,chronos_mae,random_walk_mae,chronos_rmse,random_walk_rmse,chronos_mase,random_walk_mase,chronos_direction_accuracy,random_walk_direction_accuracy,pinball_q0.1,pinball_q0.5,pinball_q0.9,mean_pinball_loss,interval_80_coverage,interval_mean_width,mae_improvement_vs_random_walk_percent,rmse_improvement_vs_random_walk_percent
1,348,5.991227143386317,5.131609195402302,12.031975696009534,17.36144327651586,4.40662925220241,3.9674432453935173,0.5488505747126436,0.06321839080459771,1.4620583790746227,2.9956135716931587,1.3811982007958419,1.9462900505212077,0.882183908045977,23.10936605519262,-16.75143050164839,30.697145943593796
2,348,8.697046459680314,8.362643678160913,16.702397755209624,21.409592060193667,6.29117586386283,6.378733106771149,0.5833333333333334,0.0,1.9511234151905985,4.348523229840157,2.302132670084633,2.8672597717051294,0.8017241379310345,27.530355870038612,-3.9987687433424393,21.986380178331444
3,348,10.701202918743268,10.762356321839079,20.059736693049484,26.10509319662731,7.572469629506872,8.04843951018718,0.5603448275862069,0.008620689655172414,2.452339684497351,5.350601459371634,2.888794450431033,3.563911864766672,0.7557471264367817,31.604972225496137,0.5682157444621769,23.157766409961965
4,348,12.940298917923846,12.502011494252876,22.38906646543356,26.113852733706317,8.780955858471517,8.602096822738117,0.5459770114942529,0.008620689655172414,2.8694779740256813,6.470149458961923,3.558866963002874,4.299498131996827,0.7212643678160919,34.74592222016433,-3.5057352480634676,14.263641241512428
5,348,13.831719514693336,13.71522988505747,23.952813645304143,28.05641125738782,9.284578020975447,9.611602796141975,0.5603448275862069,0.0028735632183908046,3.1092477837924295,6.915859757346668,4.00353727494163,4.676214938693576,0.6982758620689655,38.74677127531205,-0.8493450755993545,14.626238453797669
6,348,15.494274516489314,14.987356321839082,27.980239999781094,31.69973711773227,11.053568106958238,10.974901570053142,0.5574712643678161,0.0028735632183908046,3.375397661581805,7.747137258244657,4.292696140333153,5.138410353386539,0.7126436781609196,42.35980014143319,-3.382305616578743,11.733526698145878
7,348,16.07766909544495,16.153160919540227,28.039748555762365,31.729888643569694,11.616897980852128,12.127392792345828,0.5545977011494253,0.008620689655172414,3.508750206958288,8.038834547722475,4.679170321760503,5.408918358813755,0.7068965517241379,43.85330708821615,0.4673501642886229,11.629855147806087
8,348,16.698046594378592,17.049425287356325,31.490706651019476,35.60561753431612,12.518721705941683,13.356687907439573,0.5431034482758621,0.005747126436781609,3.7588421806247743,8.349023297189296,5.306677796813264,5.804847758209111,0.7385057471264368,47.83308393105693,2.0609415687361103,11.556914802364421
9,348,18.03464358976518,18.333045977011498,37.126749691792845,41.02338728820063,13.875796917433817,14.762462814196214,0.5402298850574713,0.0,3.845377548042386,9.01732179488259,5.99700047635484,6.286566606426606,0.735632183908046,50.295111820615574,1.6276748971256292,9.49857594408972
10,348,18.891493137403472,19.02385057471265,38.6097265463997,40.70322962983221,14.440442644099214,15.023857886151763,0.5459770114942529,0.005747126436781609,4.213977377003637,9.445746568701736,6.148928892639863,6.6028842794484115,0.7241379310344828,53.5302611603134,0.6957447273325067,5.143334085455811
11,348,19.88732075307561,20.012931034482754,36.657181757868,38.93819483799139,14.578172720621746,15.30314960120062,0.5344827586206896,0.0028735632183908046,4.478440923581178,9.943660376537805,6.197043288658404,6.873048196259128,0.7442528735632183,56.598649649784484,0.6276456016898034,5.8580349952377295
12,348,20.35005738707795,20.330459770114942,32.77882880095711,33.360180854825515,13.76791397160249,14.280254293932739,0.5373563218390804,0.0,4.539080884209996,10.175028693538975,6.172496941226655,6.9622021729918755,0.6954022988505747,57.48450811978044,-0.0963953456272331,1.74265258452373
13,348,22.03911108258127,21.92816091954023,35.827261384124505,37.28136726070526,15.40013097971991,15.720969253743045,0.5344827586206896,0.0028735632183908046,4.809769101197693,11.019555541290636,6.5898299083490475,7.473051516945792,0.6954022988505747,60.897605282136766,-0.5059711274837227,3.9003555486909125
14,348,23.43763203237249,23.503735632183915,39.95181290969585,43.447675955993454,16.97077691124986,17.568748843035582,0.5488505747126436,0.005747126436781609,5.079717852713047,11.718816016186246,7.160290166043687,7.986274678314326,0.6781609195402298,61.77276821794181,0.2812472061713769,8.046145091485286
15,348,24.735952513245326,24.972126436781608,43.794192480767116,48.398390718472555,18.53395577944082,19.3946546619945,0.5431034482758621,0.0,5.222552490234373,12.367976256622663,7.667930252250586,8.419486333035874,0.7040229885057471,66.03678157411773,0.9457501512102673,9.513122583946005
16,348,26.546676425276132,26.95172413793103,54.666063328681744,59.638930334926805,20.72640903925065,21.83383238788708,0.5172413793103449,0.0,5.4138162406833725,13.273338212638066,8.860724276838628,9.18262624338669,0.6839080459770115,67.05607447130927,1.5028638263807643,8.338290070458829
17,348,27.09256135787087,27.35574712643678,52.01875813874204,55.58017559832129,20.85629649502365,21.718584204233693,0.5316091954022989,0.005747126436781609,5.517942708333333,13.546280678935435,8.784995152265173,9.283072846511315,0.6982758620689655,70.98714227786009,0.9620858364769841,6.407711780757346
18,348,27.07678433122306,26.813505747126438,43.807850776057144,45.02305443919241,19.474956041769413,19.625455457769164,0.5287356321839081,0.0028735632183908046,5.631556613965968,13.53839216561153,8.115223044910648,9.095057274829381,0.7040229885057471,74.13843755612429,-0.981887958178824,2.699069794956942
19,348,27.076039632161457,26.6566091954023,43.35261556266144,44.54404219873067,19.210014828246738,19.214781092043452,0.5459770114942529,0.0028735632183908046,5.480553027624372,13.538019816080729,8.280325296336207,9.099632713347104,0.7126436781609196,77.49298095703125,-1.573457575510016,2.6747160276872712
20,348,27.888048614852732,27.541954022988502,43.63523433644158,44.29956409842364,19.62973790867852,19.646149618100225,0.5431034482758621,0.0,5.807197967178519,13.944024307426366,8.664286881370103,9.471836385324996,0.6695402298850575,78.58420097964934,-1.2566087053059272,1.4996304715461064
